종목코드,종목명,현재가,등락률,3개월수익률,시가총액(억),배당수익률,총보수,NAV,거래량,거래대금
069500,KODEX 200,109500.0,-3.221529895267135,-14.709958316082,250700.25,0.7499,0.16,109508.99,22378497.0,24706.42566256
360750,TIGER 미국S&P500,26105.0,-0.36259541984732824,-8.1038765351,208813.895,0.9668,0.06,26182.36,33012694.0,8593.43956997
133690,TIGER 미국나스닥100,183140.0,-0.9973781657972268,-10.556708910121,120377.922,0.5069,0.1,184711.79,5431141.0,9955.99994106
379800,KODEX 미국S&P500,23725.0,-0.35699286014279713,-8.105580072195,103832.4625,2.0135,0.07,23800.64,28689346.0,6789.012063
102110,TIGER 200,109805.0,-3.1360268172194776,-14.588020075311,100142.16,0.8177,0.07,109778.54,17434053.0,19293.27171735
396500,TIGER 반도체TOP10,37490.0,-4.835639040487371,-19.047314866125,99404.735,0.1897,0.51,37428.83,9775869.0,3718.48160726
379810,KODEX 미국나스닥100,27395.0,-0.9759624073739381,-10.521254626824,97745.36,1.0202,0.1,27619.77,28053933.0,7689.83759761
488770,KODEX 머니마켓액티브,105650.0,0.0047328316531780965,0.902275217995,97680.8205,1.418,0.06,105654.21,616829.0,651.69284607
278530,KODEX 200TR,39655.0,-3.1623931623931623,-14.699975846531,77029.8375,0.0,0.08,39661.09,644086.0,257.22095357
459580,KODEX CD금리액티브(합성),1075890.0,0.008830678707374546,0.794340657233,69981.26505,2.7493,0.03,1076204.39,871600.0,9377.4332618
381180,TIGER 미국필라델피아반도체나스닥,44000.0,-1.774751646389106,-23.678172459012,60104.0,0.3767,0.6,44934.89,1819840.0,808.74154988
498400,KODEX 200타겟위클리커버드콜,20380.0,-2.9523809523809526,-14.39975339294,59693.02,14.8688,0.42,20369.99,5534764.0,1137.85961053
091160,KODEX 반도체,136275.0,-2.9380341880341883,-14.782713716903,57985.0125,0.0817,0.46,135772.56,1314605.0,1810.87143249
0167A0,SOL AI반도체TOP2플러스,18350.0,-4.1525202402716115,-25.38324083933,56829.95,0.0,0.48,18348.89,10372607.0,1934.94477863
122630,KODEX 레버리지,109370.0,-6.501389185723445,-38.372803834882,56216.18,0.0,0.65,109315.14,14494384.0,16159.53292624
229200,KODEX 코스닥150,14125.0,-0.17667844522968199,-10.822344544271,47290.5,0.1977,0.28,14166.25,17448310.0,2488.22701916
310970,TIGER MSCI Korea TR,49165.0,-3.522370486656201,-14.514088691462,45674.285,0.0,0.16,49073.38,8092.0,4.04093684
148020,RISE 200,110375.0,-3.1330905261310282,-14.673920508994,44536.3125,0.8854,0.04,110344.43,1216622.0,1355.99150863
458730,TIGER 미국배당다우존스,14440.0,-0.448121337469838,-6.066822218717,42792.94,2.9927,0.06,14404.69,1861758.0,267.85096887
0162Z0,RISE 삼성전자SK하이닉스채권혼합50,13715.0,-2.2451888809693514,-6.385811049305,41378.155,0.2631,0.03,13732.58,4354889.0,601.01225673
395160,KODEX AI반도체TOP2플러스,41200.0,-4.263971186243755,-23.138488745326,41035.2,0.081,0.51,41142.65,3708502.0,1550.47237578
360200,ACE 미국S&P500,26395.0,-0.3398149896167642,-8.101939388236,39935.635,0.9563,0.07,26468.94,1325892.0,349.06695174
381170,TIGER 미국테크TOP10 INDXX,31630.0,-1.032540675844806,-3.109654013431,38999.79,0.2415,0.55,31850.76,927539.0,293.73065893
411060,ACE KRX금현물,25775.0,-2.919020715630885,-6.607029318067,38559.4,0.0038,0.31,25663.37,1212794.0,313.82338361
395270,HANARO Fn K-반도체,58750.0,-4.1442323380649375,-22.133053379468,36630.625,0.122,0.51,58575.24,1571504.0,934.63305922
423160,KODEX KOFR금리액티브(합성),110930.0,0.01803263907672888,0.722192847472,35986.8013,2.6067,0.06,110905.57,88372.0,98.02793295
367380,ACE 미국나스닥100,31485.0,-0.9905660377358491,-10.544931415874,35703.99,0.5067,0.1,31750.76,568721.0,179.41809737
273130,KODEX 종합채권(AA-이상)액티브,109350.0,-0.5230839208551284,-0.312062784385,35507.0385,1.5704,0.06,109403.45,9401.0,10.27337381
233740,KODEX 코스닥150레버리지,6960.0,-0.28653295128939826,-30.056019616834,33950.88,0.0,0.67,6987.48,57350277.0,4079.95983489
357870,TIGER CD금리투자KIS(합성),58125.0,0.0,0.804211415231,33811.3125,0.1119,0.05,58122.86,191725.0,111.43503725
102780,KODEX 삼성그룹,26325.0,-1.7723880597014925,-12.831274412446,33617.025,0.5137,0.29,26383.99,257551.0,68.77741344
487240,KODEX AI전력핵심설비,36360.0,-2.2580645161290325,-11.418610715334,31924.08,0.118,0.46,36401.67,1417351.0,521.64176142
0043B0,TIGER 머니마켓액티브,103790.0,0.01445434834979523,0.971631996571,31738.982,0.6948,0.05,103785.68,296598.0,307.83144773
455890,RISE 머니마켓액티브,55605.0,0.008992805755395683,0.883028885996,30907.4832,1.376,0.06,55602.31,131899.0,73.33874821
139260,TIGER 200 IT,140650.0,-3.0868876179976574,-22.604264732821,26948.54,0.3225,0.43,140554.41,412047.0,583.19824119
472150,TIGER 배당커버드콜액티브,20680.0,-2.8651949271958665,-13.950649853265,26455.924,20.6194,0.51,20546.98,9820832.0,2043.00516444
486290,TIGER 미국나스닥100타겟데일리커버드콜,10620.0,-0.9328358208955224,-10.912785765689,26172.99,15.2886,0.34,10717.85,2084783.0,221.90231955
426030,TIME 미국나스닥100액티브,47645.0,-2.436776901812225,-22.155981846647,26157.105,0.0615,0.89,48665.24,777678.0,373.2411713
481050,KODEX CD1년금리플러스액티브(합성),1024160.0,0.009765052828935805,0.840005914386,26029.0264,2.8778,0.06,1024206.35,42557.0,435.85060435
278540,KODEX MSCI Korea TR,39140.0,-3.0468169432747088,-14.528171533586,24110.24,0.0,0.12,39066.13,20097.0,7.92226218
161510,PLUS 고배당주,25085.0,1.1491935483870968,4.633330888479,24074.0745,4.1696,0.28,25155.77,703903.0,176.09720581
449170,TIGER KOFR금리액티브(합성),111995.0,0.01339524915163422,0.69156065477,23880.69385,0.6075,0.04,111992.96,62277.0,69.74512019
385540,RISE 종합채권(A-이상)액티브,102400.0,-0.5583879582422918,-0.203642581789,21872.64,1.1127,0.03,102466.45,937.0,0.95934625
0193T0,KODEX SK하이닉스단일종목레버리지,10755.0,-9.355246523388116,-63.226886180554,21770.80875,0.0,0.31,10680.87,16412762.0,1800.40493939
456600,TIME 글로벌AI인공지능액티브,58600.0,-2.8192371475953566,-19.683132501362,20978.8,0.0447,0.85,59448.37,179406.0,105.98702952
284430,KODEX 200미국채혼합50,20740.0,-1.2616043799095453,-12.852885015,19976.768,1.6638,0.39,20717.6,336656.0,70.11717842
292150,TIGER 코리아TOP10,38500.0,-1.760653227864251,-14.700562142164,19096.0,0.8162,0.19,38375.09,439492.0,170.57308485
294400,KIWOOM 200TR,143850.0,-3.1834701844124376,-14.619326386868,18197.025,0.0,0.04,143785.8,141047.0,204.22022247
214980,KODEX 단기채권PLUS,114470.0,0.01747487986020096,0.703734921502,18190.4277,2.6952,0.17,114483.82,35617.0,40.76944074
305720,KODEX 2차전지산업,14800.0,3.3158813263525304,-4.558523824757,17848.8,0.1256,0.55,14836.15,4793125.0,707.35430203
442580,PLUS 글로벌HBM반도체,104695.0,-3.8348489023606134,-22.833524055101,17599.2295,0.0917,0.57,106487.32,513093.0,543.87628389
441640,KODEX 미국배당커버드콜액티브,12295.0,-0.3646677471636953,-7.165973739173,17010.1325,9.6267,0.25,12335.84,892276.0,109.33382979
475630,TIGER CD1년금리액티브(합성),1078495.0,0.0064909474465076385,0.828182250024,16897.85966,0.5688,0.02,1078497.51,119814.0,1292.19015836
105190,ACE 200,109850.0,-3.109151047409041,-14.773984963155,16532.425,0.8547,0.04,109776.83,210046.0,232.73938743
368590,RISE 미국나스닥100,30545.0,-1.0367730439008587,-10.538982033328,16311.03,0.5677,0.1,30802.16,296086.0,90.6690848
446770,ACE 글로벌반도체TOP4 Plus,79310.0,-2.140785983095811,-18.974137123994,15901.655,0.5243,0.5,80125.86,82018.0,65.55835315
329200,TIGER 리츠부동산인프라,4075.0,-0.12254901960784313,5.481448112958,15719.3125,9.6487,0.12,4087.58,4151580.0,168.93243728
477080,RISE CD금리액티브(합성),107705.0,-0.004642094513044285,0.774459738895,15471.82325,0.0149,0.04,107706.82,6527.0,7.02980855
0177N0,KODEX 삼성전자SK하이닉스채권혼합50,14390.0,-2.704530087897228,-6.335519490353,15339.74,0.6892,0.1,14378.03,3646128.0,529.31593346
0193W0,KODEX 삼성전자단일종목레버리지,12505.0,-10.3584229390681,-34.11779234555,15074.7775,0.0,0.31,12444.17,9469563.0,1236.01806735
379780,RISE 미국S&P500,22830.0,-0.2621231979030144,-8.118787939002,15044.97,1.1279,0.07,22884.86,163429.0,37.2119794
152100,PLUS 200,111240.0,-3.0841610036591742,-14.764671667295,14961.78,0.8439,0.04,111181.54,288214.0,324.4837067
487230,KODEX 미국AI전력핵심인프라,19590.0,-0.8352315869400152,-31.80806070684,14761.065,0.3037,0.53,19935.11,391980.0,77.27043382
226490,KODEX 코스피,70810.0,-2.425244591428965,-13.540594941681,14480.645,0.8503,0.16,70831.38,134819.0,96.15856085
453850,ACE 미국30년국채액티브(H),6910.0,-3.4916201117318435,-4.004276319854,14303.7,4.1535,0.12,6935.16,2474083.0,171.10361099
0195S0,TIGER SK하이닉스단일종목레버리지,9120.0,-9.658246656760772,-63.259436875186,14222.64,0.0,0.11,9078.52,10534196.0,983.3845581
232080,TIGER 코스닥150,14395.0,0.03474635163307853,-10.745562129924,14184.833,0.277,0.22,14446.09,10444083.0,1519.02982246
466920,SOL 조선TOP3플러스,26600.0,-0.3372049456725365,-17.853726443106,14111.3,0.195,0.51,26705.0,584155.0,156.55424326
091230,TIGER 반도체,143260.0,-3.2059727711901624,-13.53580059403,14068.132,0.3351,0.48,143608.96,132248.0,193.01048869
390390,KODEX 미국반도체,55175.0,-1.4732142857142858,-20.000200404622,13324.7625,0.4028,0.17,56203.66,400336.0,222.37053316
448330,KODEX 삼성전자채권혼합,17545.0,-1.1549295774647887,-0.089446207567,12965.755,2.0314,0.14,17481.59,722345.0,127.3361083
157450,TIGER 단기통안채,112705.0,0.0,0.623426600901,12891.1979,1.0036,0.11,112707.6,11445.0,12.8994061
436140,SOL 종합채권(AA-이상)액티브,105760.0,-0.5173549054651491,-0.19373109107,12660.5296,2.2371,0.05,105800.75,1301.0,1.37571805
438080,ACE 미국S&P500미국채혼합50액티브,13915.0,0.1439366678661389,-9.29712212042,12426.095,2.4021,0.22,13920.8,310597.0,43.07818488
469150,ACE AI반도체TOP3+,61400.0,-3.7089312318670116,-13.697274525006,12157.2,0.188,0.36,61324.23,157330.0,97.92158233
487340,ACE 머니마켓액티브,106125.0,0.004711647191858273,0.949324423039,11852.04,1.2978,0.07,106122.81,36479.0,38.71044232
356540,ACE 종합채권(AA-이상)액티브,100920.0,-0.30623333004050185,-0.149489349193,11732.9592,1.2847,0.04,100817.53,93558.0,94.37138255
0072R0,TIGER KRX금현물,12290.0,-2.9609159099881563,-6.594334239135,11472.715,0.0079,0.27,12265.48,1055825.0,130.40534827
455850,SOL AI반도체소부장,26995.0,-1.8185124568103292,-1.13429339727,11351.3975,0.0436,0.51,26951.16,1779063.0,486.55480772
494310,KODEX 반도체레버리지,87500.0,-6.357020547945205,-42.811565124087,11287.5,0.0,0.52,87183.65,2504104.0,2248.37018975
0183J0,TIGER 미국우주테크,7655.0,-3.8920276208411804,-25.079511581502,11287.2975,0.0,0.52,7779.96,1411825.0,108.88234909
497570,TIGER 미국필라델피아AI반도체나스닥,22160.0,-1.8165706690296854,-17.378115914992,11068.92,0.3315,0.6,22555.8,457970.0,102.2201216
465580,ACE 미국빅테크TOP7 Plus,24420.0,-1.1336032388663968,-1.017973232533,10854.69,0.2191,0.36,24536.79,846736.0,206.72894825
0139F0,TIGER 12월자동연장금융채(AA-이상)액티브,102285.0,-0.034206411258795935,0.8872053618,10819.7073,0.0,0.11,102301.66,1285.0,1.31436585
445290,KODEX 로봇액티브,30640.0,-1.1612903225806452,-9.555080185468,10662.72,0.2322,0.57,30585.89,151859.0,46.97308783
469830,SOL 초단기채권액티브,54510.0,0.0,0.915670673876,10637.0814,1.5597,0.06,54508.26,274998.0,149.89761773
494890,KODEX 200액티브,31610.0,-3.111111111111111,-14.962948353818,10589.35,0.7897,0.16,31591.11,202668.0,64.39429773
494300,KODEX 미국나스닥100데일리커버드콜OTM,9030.0,-0.3861003861003861,-14.375490915059,10447.71,22.3162,0.35,9065.9,1255727.0,113.32233319
449180,KODEX 미국S&P500(H),17210.0,-0.8354940939210602,3.764494589895,10403.445,0.9232,0.11,17284.47,393411.0,67.81629038
451540,TIGER 종합채권(AA-이상)액티브,52585.0,-0.4920049200492005,-0.202426705836,10365.5552,1.3231,0.05,52595.8,5851.0,3.07325385
479520,RISE KOFR금리액티브(합성),106575.0,-0.0187626061259909,0.704325184835,10345.23525,0.5499,0.03,106609.79,3711.0,3.95499465
295040,SOL 200TR,41085.0,-3.1471004243281473,-14.64775069446,10168.5375,0.0,0.03,41068.94,48931.0,20.18868969
446720,SOL 미국배당다우존스,13250.0,-0.37593984962406013,-6.073967994086,10162.75,3.0611,0.07,13204.58,292671.0,38.58390735
0117V0,TIGER 코리아AI전력기기TOP3플러스,18985.0,-2.390745501285347,-12.03791215099,10156.975,0.4782,0.45,18995.3,757288.0,145.00788782
449450,PLUS K방산,50500.0,0.9899010098990101,-17.964085586081,9761.65,0.1497,0.51,50374.09,358263.0,181.38002765
315930,KODEX Top5PlusTR,79615.0,-1.7220096284409332,-13.573830431417,9553.8,0.0,0.19,79584.56,8513.0,6.83831767
495050,RISE 코리아밸류업,32310.0,-1.8529769137302552,-14.252962097958,9547.605,1.0538,0.02,32277.9,193736.0,62.76197894
438100,ACE 미국나스닥100미국채혼합50액티브,15230.0,-0.3924133420536298,-10.187165696876,9473.06,1.8859,0.25,15256.59,253725.0,38.65634313
402970,ACE 미국배당다우존스,14665.0,-0.30591434398368456,-6.072752736037,9414.93,2.9998,0.07,14636.08,512218.0,74.69462391
237350,KODEX 코스피100,87580.0,-2.715912246598167,-15.593816207911,9414.85,0.7767,0.16,87405.47,115477.0,101.9860338
305540,TIGER 2차전지테마,18905.0,3.5323110624315444,-1.637309590112,9405.2375,0.2999,0.55,18966.79,396227.0,74.77657534
0048J0,KODEX 미국머니마켓액티브,13645.0,0.5156537753222836,-10.911492685415,9277.91775,4.67,0.08,13638.99,669143.0,90.89278214
0195R0,TIGER 삼성전자단일종목레버리지,11375.0,-10.29179810725552,-34.993163207144,9230.8125,0.0,0.11,11313.47,4638549.0,550.13425595
479080,1Q 머니마켓액티브,53895.0,0.009278159213212098,0.910956668644,8849.559,0.8444,0.06,53893.46,16329.0,8.79997909
0117L0,KODEX 26-12 금융채(AA-이상)액티브,10180.0,0.0,0.789001475128,8718.152,0.5209,0.1,10175.9,7416.0,0.75468063
0219E0,KODEX 200커버드콜액티브,8475.0,-2.865329512893983,,8559.75,3.6761,0.51,8426.73,13584350.0,1159.2645555
475720,RISE 200위클리커버드콜,12720.0,-2.0408163265306123,-8.203553096502,8547.84,19.0508,0.33,12663.06,1450175.0,185.62323072
466940,TIGER 은행고배당플러스TOP10,27315.0,1.6183035714285714,10.613719125876,8522.28,3.7078,0.36,27404.8,511410.0,138.88381217
498410,KODEX 금융고배당TOP10타겟위클리커버드콜,11905.0,1.2760527435133986,9.460548578768,8512.075,16.0865,0.42,11895.5,1700835.0,201.10121705
490590,RISE 미국AI밸류체인데일리고정커버드콜,14430.0,-1.9367991845056065,-10.068728526843,8304.465,19.7408,0.33,14638.22,803148.0,116.49837247
0177R0,TIGER 반도체TOP10커버드콜액티브,11500.0,-4.485049833887043,-20.976892736172,8280.0,7.5925,0.47,11521.84,1787615.0,209.02001587
069660,KIWOOM 200,109485.0,-3.2134016973125883,-14.657634953058,8266.1175,0.9454,0.07,109482.6,154264.0,170.4114021
441800,TIME Korea플러스배당액티브,29060.0,-1.1228308948621981,-12.637622331965,7968.252,7.0549,0.83,28995.18,205947.0,59.88753445
272580,TIGER 단기채권액티브,57190.0,-0.026221484136002098,0.780859117942,7909.377,0.7642,0.09,57192.16,14680.0,8.39617433
114800,KODEX 인버스,998.0,3.3126293995859215,2.846566249681,7903.162,0.0,0.67,1000.15,526658187.0,5205.76269272
252670,KODEX 200선물인버스2X,73.0,8.955223880597014,-10.094176946545,7856.625,0.0,0.76,72.43,3172277899.0,2253.04787517
0025N0,TIGER TDF2045 적격,11935.0,0.0,-7.347305672855,7835.3275,1.1719,0.25,11983.12,225595.0,26.86216798
462330,KODEX 2차전지산업레버리지,1038.0,5.918367346938775,-19.597012218247,7752.822,0.0,0.61,1040.6,85357875.0,876.81369887
153130,KODEX 단기채권,113210.0,0.0088339222614841,0.642541962105,7752.6208,2.516,0.17,113184.95,10493.0,11.87846305
476550,TIGER 미국30년국채커버드콜액티브(H),6555.0,-3.104212860310421,-4.250536929151,7512.03,13.4014,0.47,6568.82,1714467.0,112.47495348
457480,ACE 테슬라밸류체인액티브,18155.0,-3.76358335542009,-22.072446837291,7507.0925,1.9301,0.37,18304.68,401378.0,73.56141353
456610,TIGER 미국달러SOFR금리액티브(합성),59440.0,0.5412719891745602,-10.809731310256,7449.0208,0.0693,0.08,59438.64,34991.0,20.69837295
418660,TIGER 미국나스닥100레버리지(합성),41150.0,-2.0471316353249227,-21.272036609193,7324.7,0.9061,0.34,41869.95,459330.0,189.7250974
144600,KODEX 은선물(H),9975.0,-7.036346691519105,0.004186654063,7281.75,0.3734,0.73,9965.15,1027685.0,103.96128762
481060,KODEX 미국30년국채타겟커버드콜(합성 H),7105.0,-3.3333333333333335,-2.835382964268,7232.89,13.0936,0.32,7165.06,1036598.0,73.81364321
329750,TIGER 미국달러단기채권액티브,12910.0,0.5451713395638629,-11.141810260631,7037.241,0.8244,0.32,12913.57,227406.0,29.26718989
367760,RISE 네트워크인프라,60815.0,-1.8400451940924865,-20.774191431943,7024.1325,0.0899,0.51,60700.44,133621.0,82.42980633
0061Z0,RISE 단기특수은행채액티브,51090.0,-0.019569471624266144,0.757244194247,7023.8532,1.198,0.02,51092.12,684.0,0.34948725
364980,TIGER 2차전지TOP10,10255.0,2.858575727181545,0.754064183747,6993.91,0.0,0.43,10289.03,3161157.0,323.93733405
0127P0,ACE 미국대형성장주액티브,10540.0,-0.5660377358490566,-11.023436890593,6966.94,0.1883,0.34,10641.28,5090.0,0.53582715
434730,HANARO 원자력iSelect,58235.0,-0.3166723724751797,-12.19797606744,6900.8475,0.454,0.52,58154.63,109306.0,63.79715735
290130,RISE ESG사회책임투자,48045.0,-2.8412537917087968,-16.391426291288,6822.39,0.3426,0.33,47885.45,85285.0,41.2842885
458760,TIGER 미국배당다우존스타겟커버드콜2호,10565.0,-0.330188679245283,-6.273544784556,6788.0125,10.2874,0.45,10542.52,256413.0,26.94411602
314250,KODEX 미국빅테크10(H),64170.0,-1.4815383434405465,12.562277015613,6692.931,0.4388,0.56,64750.37,24927.0,16.08352889
0101N0,RISE AI전력인프라,21245.0,-1.024924295364547,4.440523845987,6692.175,0.0047,0.26,21257.24,408915.0,87.46194594
482730,TIGER 미국S&P500타겟데일리커버드콜,11585.0,-0.2582866982350409,-8.194565770181,6684.545,11.3798,0.32,11605.85,416252.0,48.09060162
495850,KODEX 코리아밸류업,32095.0,-2.0,-14.286341857193,6675.76,1.1098,0.02,32058.92,92489.0,29.82823856
0167B0,SOL 200타겟위클리커버드콜,11900.0,-2.8174765210289916,-14.49978626311,6568.8,8.2419,0.32,11845.56,1989080.0,238.51608749
102970,KODEX 증권,17510.0,-1.9322318678241388,-15.069708757896,6522.475,2.7416,0.46,17539.29,408087.0,71.60267589
0007F0,KODEX 27-12 회사채(AA-이상)액티브,10185.0,0.0,0.80258291798,6511.2705,1.5411,0.11,10190.14,13863.0,1.41247957
371460,TIGER 차이나전기차SOLACTIVE,9015.0,-2.9079159935379644,-30.531629365479,6465.558,1.493,0.55,9022.96,166367.0,15.02470601
0148J0,TIGER 코리아휴머노이드로봇산업,9470.0,-2.3207839092315625,-3.795074134029,6439.6,0.0,0.54,9455.52,1228790.0,118.09855552
434060,KODEX TDF2050액티브 적격,16800.0,-0.3854135784168396,-8.415448511223,6350.4,1.6222,0.36,16757.79,100555.0,16.86001702
0091P0,TIGER 코리아원자력,17590.0,1.38328530259366,1.901102727112,6297.22,0.2017,0.56,17623.78,1745497.0,307.81644734
491010,TIGER 글로벌AI전력인프라액티브,24875.0,-1.4070550931430836,-35.285007903551,6283.425,0.0792,0.55,25292.9,85185.0,21.26665589
0015B0,KoAct 미국나스닥성장기업액티브,19380.0,-1.9974715549936788,-24.632149650218,6269.43,0.0,0.6,19745.97,225958.0,44.02153526
488080,TIGER 반도체TOP10레버리지,35900.0,-10.25,-48.223406917789,6264.55,0.015,0.55,35765.74,5059292.0,1876.60150416
138540,TIGER 현대차그룹플러스,47050.0,0.8790737564322469,-16.037826243943,6116.5,2.3338,0.2,47077.8,135365.0,63.58900946
491620,RISE 미국테크100데일리고정커버드콜,10560.0,-0.7052186177715092,-7.675768812328,6013.92,21.1646,0.33,10629.76,922367.0,97.47706648
251600,PLUS 고배당주채권혼합,15375.0,0.49019607843137253,2.656555348401,5965.5,3.7112,0.25,15384.83,215241.0,33.03198642
489250,KODEX 미국배당다우존스,12420.0,-0.40096230954290296,-6.013151698526,5949.18,2.9553,0.09,12397.12,686372.0,84.7867304
423920,TIGER 미국필라델피아반도체레버리지(합성),87680.0,-3.3829201101928374,-47.152476123004,5944.704,0.3903,0.65,91496.98,168476.0,150.30593001
0019K0,TIME 미국나스닥100채권혼합50액티브,13470.0,-0.8465218991534781,-10.371317215912,5812.305,0.1547,0.37,13565.3,364308.0,49.07864365
466950,TIGER 글로벌AI액티브,31360.0,-2.0,-31.919062234257,5811.008,0.1564,0.85,31885.48,125185.0,39.45655797
277630,TIGER 코스피,71970.0,-2.3606023606023605,-13.579825894917,5793.585,0.7242,0.17,71881.32,49331.0,35.69419577
484790,KODEX 미국30년국채액티브(H),7945.0,-3.1687995124923827,-4.030031275561,5734.701,5.2355,0.05,7961.07,1588228.0,126.26326697
449190,KODEX 미국나스닥100(H),22795.0,-1.4696347525394424,0.947144912531,5721.545,0.5106,0.12,23016.37,264085.0,60.53613106
451000,PLUS 종합채권(AA-이상)액티브,106785.0,-0.581882506284331,-0.193410317011,5649.99435,1.3638,0.06,106822.24,53.0,0.0566131
477050,PLUS 머니마켓액티브,53625.0,0.009324878776575904,0.916717256701,5545.8975,1.2852,0.07,53622.58,125953.0,67.53667566
494670,TIGER 조선TOP10,21230.0,0.14150943396226415,-15.916772629262,5413.65,0.8726,0.41,21261.65,278771.0,59.41171976
455030,KODEX 미국달러SOFR금리액티브(합성),11725.0,0.3423192126658109,-10.947660777406,5381.775,4.2329,0.18,11730.29,60813.0,7.10396927
0105E0,SOL 코리아고배당,12905.0,1.1363636363636365,1.3874973304,5342.67,5.4755,0.2,12926.07,282680.0,36.29319395
462010,TIGER 2차전지소재Fn,4830.0,3.0949839914621133,-12.729212993423,5291.265,0.2134,0.45,4843.54,2842848.0,136.43322079
371160,TIGER 차이나항셍테크,6415.0,-1.0030864197530864,-14.088473341808,5212.1875,1.062,0.16,6412.98,168764.0,10.79944662
396520,TIGER 차이나반도체FACTSET,12600.0,-6.25,-29.226492947319,5181.12,0.1848,0.58,12564.87,544638.0,69.37691369
315960,RISE 대형고배당10TR,78200.0,-1.9558676028084252,-15.112022275193,5161.2,0.0,0.12,78061.22,47501.0,37.35547837
496020,WON 전단채플러스액티브,52585.0,0.009509319132750094,0.971904890044,5125.9858,1.3996,0.07,52591.62,3207.0,1.68642187
365780,ACE 국고채10년,81400.0,-1.2854717438758185,-0.489194398986,5122.502,3.2362,0.05,81411.46,7546.0,6.14336451
435420,TIGER 미국나스닥100채권혼합50,14120.0,-0.6683081252198382,-5.040037789796,5097.32,1.1248,0.36,14169.65,252115.0,35.69354478
444200,SOL 코리아메가테크액티브,45200.0,-1.363884342607747,-16.911498186576,5017.2,0.2782,0.63,45001.13,29860.0,13.56724954
361580,RISE 200TR,62315.0,-3.094627167405334,-14.752201821974,5016.3575,0.0,0.04,62274.43,130861.0,82.22423864
438330,TIGER 우량회사채액티브,115040.0,-0.3723910972546982,0.613035473241,4989.2848,0.608,0.12,115135.27,8616.0,9.913377
114260,KODEX 국고채3년,61470.0,-0.35662181877127574,0.359195681186,4958.1702,1.3069,0.17,61529.41,31174.0,19.17472477
496080,TIGER 코리아밸류업,32200.0,-1.7993290637389447,-14.03498416358,4942.7,0.9119,0.02,32159.17,126614.0,40.96222158
251350,KODEX MSCI선진국,38425.0,-0.7490636704119851,-8.549474664035,4918.4,1.3509,0.37,38582.25,27328.0,10.49403992
463250,TIGER K방산&우주,32915.0,0.5652306752215093,-15.229661092738,4904.335,0.1678,0.51,32869.38,195843.0,64.77968559
0163Y0,KoAct 코스닥액티브,9880.0,-0.5035246727089627,-4.972674566415,4895.54,0.0,0.51,9859.37,517407.0,51.50495411
448290,TIGER 미국S&P500(H),17830.0,-0.8066759388038943,3.427033878499,4894.335,0.9079,0.16,17904.93,212606.0,37.94500103
476800,KODEX 한국부동산리츠인프라,4205.0,-0.2372479240806643,3.108557866486,4863.0825,9.15,0.12,4220.69,665656.0,27.94411334
471990,KODEX AI반도체핵심장비,26695.0,-2.3948811700182815,2.541334021223,4671.625,0.1059,0.44,26745.64,690136.0,187.64799223
483280,KODEX 미국AI테크TOP10타겟커버드콜,11905.0,-0.7916666666666666,-4.318269254847,4654.855,15.3141,0.48,12008.46,162962.0,19.43576689
499660,TIGER CD금리플러스액티브(합성),1002855.0,0.00747920780230958,0.818460482377,4638.204375,2.8135,0.03,1002850.11,14417.0,144.58119015
0190C0,RISE 현대차고정피지컬AI,7660.0,0.7894736842105263,-24.950756642228,4618.98,0.0,0.42,7691.02,619106.0,47.84930498
490490,SOL 미국배당미국채혼합50,10655.0,-0.4670714619336759,-9.604804816419,4602.96,3.0083,0.22,10620.21,188552.0,19.96660072
471230,KODEX 국고채10년액티브,102550.0,-1.1280370227535672,-0.581421187838,4480.4095,1.5537,0.03,102474.61,42715.0,43.76644017
451060,1Q 200액티브,35165.0,-2.952946046639989,-14.918133567907,4430.79,1.1701,0.03,35123.25,74825.0,26.54182949
243880,TIGER 200IT레버리지,339005.0,-6.866758241758242,-53.991505002101,4407.065,0.1246,0.72,342849.45,76971.0,269.38258432
447770,TIGER 테슬라채권혼합Fn,13850.0,-0.7168458781362007,-4.548956869863,4383.525,1.4296,0.33,13850.64,160295.0,22.19027557
293180,HANARO 200,109835.0,-3.1223814773980156,-14.625069483999,4338.4825,0.784,0.05,109812.56,19981.0,22.2091557
474220,TIGER 미국테크TOP10타겟커버드콜,15055.0,-0.7580751483190508,-2.88338909207,4245.51,10.3693,0.59,15138.52,106140.0,15.96746664
0016X0,SOL 중단기회사채(A-이상)액티브,51470.0,-0.08735319809764146,0.875471523764,4214.3636,1.3103,0.07,51459.67,959.0,0.4936448
448300,TIGER 미국나스닥100(H),23515.0,-1.4872224549643904,0.764401817587,4209.185,0.4781,0.18,23745.75,187254.0,44.24041389
0023A0,SOL 미국양자컴퓨팅TOP10,23980.0,-4.879016263387545,-31.613737985553,4196.5,0.1028,0.54,24409.99,272137.0,65.6668216
0162M0,KODEX 금융채1~2년(AA-이상)PLUS액티브,10030.0,-0.2486325211337643,0.698607396477,4194.546,0.0,0.1,10047.06,26332.0,2.63665838
385560,RISE KIS국고채30년Enhanced,49905.0,-1.8197914617351958,-4.903137207495,4117.66155,4.7723,0.07,49812.92,32580.0,16.15787786
426020,TIME 미국S&P500액티브,31965.0,-0.9758364312267658,-13.795040472683,4059.555,0.1679,0.88,32218.97,93338.0,29.85838199
0210A0,ACE K반도체TOP2+,7505.0,-4.211869814932993,-21.767307910858,4007.67,0.0,0.4,7540.46,3353086.0,256.08099743
302450,RISE 코스피,71450.0,-2.297278818542322,-13.638038760814,4001.2,1.4007,0.04,71412.91,17074.0,12.22790127
0173Y0,KODEX 미국AI광통신네트워크,10735.0,-5.042016806722689,-28.197197102017,3988.0525,0.0445,0.58,11029.54,443252.0,48.20979159
148070,KIWOOM 국고채10년,103145.0,-1.1973753532257292,-0.474642642681,3976.23975,3.5785,0.07,103182.73,22255.0,22.96033886
480260,TIGER 27-04회사채(A+이상)액티브,53865.0,-0.009281603861147207,0.752909619395,3956.9229,1.0784,0.11,53876.12,7886.0,4.24829247
0060H0,TIGER 토탈월드스탁액티브,12520.0,-0.43737574552683894,-9.220664511747,3931.28,1.6354,0.32,12548.73,119164.0,14.88216533
385720,TIME 코스피액티브,25550.0,-2.163507562703427,-16.734837728269,3909.15,0.0,0.83,25525.76,30073.0,7.7453552
0046A0,TIGER 미국초단기(3개월이하)국채,9450.0,0.4250797024442083,-10.890979036537,3884.895,3.655,0.14,9446.76,634610.0,59.78402578
241180,TIGER 일본니케이225,34350.0,1.1782032400589102,-18.612278470349,3826.59,1.0361,0.41,34386.18,35853.0,12.33433676
476760,ACE 미국30년국채액티브,8520.0,-2.9612756264236904,-15.223972515256,3765.84,4.5285,0.12,8544.41,1195836.0,101.80651886
474590,WON 반도체밸류체인액티브,48100.0,-2.4340770791075053,-10.20279196751,3751.8,0.0,0.37,47996.89,50035.0,24.38233334
0040Y0,SOL 팔란티어커버드콜OTM채권혼합,8145.0,0.5555555555555556,3.830555952272,3750.7725,27.8452,0.44,8065.19,513102.0,41.65078903
439860,KODEX ESG종합채권(A-이상)액티브,113240.0,-0.2905696927005371,0.562954458244,3696.1536,1.7041,0.09,113543.16,37.0,0.0419
469070,RISE AI&로봇,10870.0,-0.5034324942791762,-5.500580812292,3646.885,0.0916,0.46,10860.94,122057.0,13.35353258
245710,ACE 베트남VN30(합성),28135.0,-1.9515595051402683,-11.532743148091,3629.415,0.3078,0.77,28321.75,20527.0,5.77940941
0131V0,1Q 미국우주항공테크,11075.0,-0.672645739910314,-16.015599150665,3621.525,0.1074,0.55,11175.77,83745.0,9.28191863
091180,KODEX 자동차,25570.0,2.01476161978855,-18.09300164255,3618.155,2.844,0.46,25615.05,139220.0,35.41884161
458250,TIGER 미국30년국채스트립액티브(합성 H),32670.0,-5.6325823223570195,-7.53517571354,3602.1942,0.5399,0.2,32915.15,287388.0,94.12211344
310960,TIGER 200TR,63885.0,-3.2558491708942228,-14.700970250604,3577.56,0.0,0.12,63978.29,51778.0,33.38705648
484880,SOL 금융지주플러스고배당,23215.0,1.5973741794310723,11.961449833194,3575.11,3.5418,0.36,23237.82,585283.0,135.03264826
132030,KODEX 골드선물(H),23355.0,-3.7105751391465676,3.06930087725,3526.605,0.5345,0.73,23332.55,114663.0,27.07269801
0144L0,KODEX 미국성장커버드콜액티브,9625.0,-0.5681818181818182,-7.659359131192,3513.125,8.1611,0.51,9699.38,181172.0,17.42877445
0167Z0,KODEX 미국우주항공,7630.0,-2.6785714285714284,-28.316563223875,3509.8,0.1019,0.59,7747.33,355837.0,27.31864662
442570,RISE TDF2050액티브 적격,17315.0,-1.4232849416453175,-7.755443728244,3506.2875,0.9207,0.08,17334.55,132853.0,23.03863936
279530,KODEX 고배당주,17645.0,1.7296050735082156,6.484329273291,3493.71,4.2087,0.36,17640.25,228641.0,40.05236593
0080G0,KODEX 방산TOP10,9995.0,1.2664640324214793,-14.70696211619,3468.265,0.0504,0.52,9954.22,1768964.0,176.90456063
0026S0,1Q 미국S&P500,12740.0,-0.3129890453834116,-8.14277509857,3439.8,0.9551,0.14,12779.95,108567.0,13.79371976
472170,TIGER 미국테크TOP10채권혼합,14110.0,-0.17686593562079944,-1.439695875756,3428.73,0.3607,0.33,14085.06,74434.0,10.49030657
385510,KODEX 신재생에너지액티브,39370.0,2.6597131681877446,-2.061629737287,3425.19,0.0261,0.56,39330.78,118557.0,46.60988039
0094M0,RISE 코리아밸류업위클리고정커버드콜,17230.0,-1.5147184909974278,-9.252652766136,3420.155,23.9893,0.34,17189.03,982072.0,170.01266264
0182R0,1Q K반도체TOP2+,10895.0,-3.9665050683120318,-22.02631351976,3377.45,0.0,0.21,10882.28,1773962.0,196.66013481
0052D0,TIGER 코리아배당다우존스,15415.0,1.281208935611038,4.190473760963,3360.47,4.388,0.3,15522.73,114887.0,17.71674466
456880,ACE 미국달러SOFR금리(합성),12015.0,0.41788549937317176,-10.915893472051,3313.737,0.0084,0.08,12009.7,80696.0,9.66446265
270810,RISE 코스닥150,14060.0,-0.10657193605683836,-10.719634056714,3290.04,0.0709,0.05,14101.37,231098.0,32.70514613
462900,KoAct 바이오헬스케어액티브,12520.0,-0.07980845969672785,-18.547383061336,3280.24,0.0,0.57,12543.02,482691.0,61.21399673
448630,RISE 삼성그룹Top3채권혼합,15255.0,-0.6188925081433225,1.716902374104,3279.825,0.0714,0.27,15270.57,98656.0,15.13535635
473290,KODEX 26-12 회사채(AA-이상)액티브,10895.0,0.0,0.760427960938,3244.531,1.7895,0.1,10899.12,30386.0,3.31185547
0043Y0,TIME 차이나AI테크액티브,18890.0,-3.671596124426313,-30.268875616161,3239.635,0.0404,0.92,19013.83,130764.0,24.78592962
0052S0,1Q 미국S&P500미국채혼합50액티브,11465.0,0.08729812309035356,-9.638559818976,3233.13,1.6323,0.28,11493.34,163306.0,18.66240757
475300,SOL 반도체전공정,24130.0,-2.0896733617366605,-1.508643427908,3161.03,0.1623,0.51,24096.84,858762.0,209.14499406
453810,KODEX 인도Nifty50,10875.0,-2.247191011235955,-15.673520985303,3148.3125,1.5528,0.27,10922.19,74190.0,8.14750029
485540,KODEX 미국AI테크TOP10,15515.0,-1.209805794333015,-4.174979222399,3118.515,0.3825,0.37,15655.01,97346.0,15.1333514
0094K0,TIGER 28-04 회사채(A+이상)액티브,99340.0,-0.230993271065582,0.733497965575,3103.3816,0.0,0.12,99358.06,8260.0,8.2078265
489030,PLUS 고배당주위클리커버드콜,6385.0,1.9968051118210863,8.849734538898,3093.5325,24.4176,0.37,6371.0,645101.0,40.94756106
0111P0,1Q 미국나스닥100미국채혼합50액티브,10825.0,-0.32228360957642727,-10.76129309564,3085.125,0.8013,0.18,10887.3,100716.0,10.88984477
385550,RISE 단기채권알파액티브,114170.0,-0.1224739742804654,0.817565788996,3019.7965,1.795,0.07,114316.84,26499.0,30.25341595
433330,SOL 미국S&P500,21785.0,-0.3886602652034751,-8.119279249919,3006.33,0.8971,0.08,21857.96,145308.0,31.5799517
454780,KIWOOM 종합채권(AA-이상)액티브,98930.0,-0.7573857651602548,-0.210785923788,2998.5683,3.0379,0.04,99087.18,24.0,0.0237501
091170,KODEX 은행,16700.0,1.922490082392432,13.128783318076,2989.3,3.7137,0.31,16737.6,692652.0,115.08437578
0008S0,TIGER 미국배당다우존스타겟데일리커버드콜,9510.0,-0.31446540880503143,-6.30721921956,2976.63,12.3704,0.32,9473.01,364380.0,34.39213485
497880,SOL CD금리&머니마켓액티브,50150.0,0.0,0.919780512332,2971.889,3.1114,0.07,50147.17,114203.0,57.26970523
190620,ACE 단기통안채,102110.0,-0.019582884558895525,0.64554709479,2968.3377,2.5263,0.09,102109.31,7214.0,7.36630452
471780,TIGER 코리아테크액티브,38200.0,-2.6627595872085617,-12.437215753542,2941.4,0.0127,0.78,38082.05,197888.0,76.15657499
483320,ACE 엔비디아밸류체인액티브,25340.0,-2.9304730894464663,-19.03411560189,2939.44,0.2185,0.54,25745.31,121772.0,31.06135294
0038A0,KODEX 미국휴머노이드로봇,15465.0,-0.7381258023106547,-16.929882654362,2938.35,0.3267,0.54,15621.93,57815.0,8.95581623
481190,SOL 미국테크TOP10,17175.0,-0.9515570934256056,-2.897586559362,2936.925,0.2195,0.14,17293.52,162349.0,27.90784889
475080,KODEX 테슬라커버드콜채권혼합액티브,7995.0,0.18796992481203006,-4.140649490215,2902.185,16.16,0.48,7936.58,116534.0,9.28678244
0098F0,KODEX 원자력SMR,16150.0,0.061957868649318466,-0.370573846859,2882.775,0.3598,0.52,16178.06,1068731.0,173.87286791
136340,RISE 중기우량회사채,103770.0,-0.24513338139870222,0.492861044595,2849.5242,2.7159,0.1,103795.43,20417.0,21.1899719
441680,TIGER 미국나스닥100커버드콜(합성),10795.0,0.18561484918793503,-8.535299245555,2839.085,12.3429,0.47,10883.26,67626.0,7.30311659
273140,KODEX 단기변동금리부채권액티브,114620.0,-0.004362050163576881,0.664985183125,2797.8742,2.553,0.17,114626.17,2310.0,2.6478583
461490,RISE 글로벌자산배분액티브,14510.0,-0.6844626967830253,-2.934245068857,2785.92,0.7739,0.07,14493.27,63804.0,9.2436731
473330,SOL 미국30년국채커버드콜(합성),7630.0,-2.242152466367713,-15.029335298817,2750.615,12.9846,0.35,7675.28,475939.0,36.23032284
307520,TIGER 지주회사,22300.0,-0.04482294935006723,-0.305193376593,2731.75,1.306,0.55,22302.13,498943.0,111.99214272
0228G0,ACE 반도체Plus전략산업,10115.0,-2.0338983050847457,,2705.7625,0.0,0.41,10123.71,608287.0,62.15063236
471040,KoAct 글로벌AI&로봇액티브,29685.0,-1.819083843228047,-26.519713967706,2701.335,0.0,0.58,30089.37,19890.0,5.95039812
421320,PLUS 우주항공,27995.0,-1.1126810314376545,-6.511140646917,2687.52,0.212,0.51,27968.53,37041.0,10.47969014
453870,TIGER 인도니프티50,10675.0,-2.422303473491773,-16.720257693028,2674.0875,1.2838,0.33,10690.8,56874.0,6.13292838
439870,KODEX 국고채30년액티브,86400.0,-1.7511939959062996,-3.553661598227,2673.216,1.9372,0.07,86336.88,12294.0,10.57220042
409820,KODEX 미국나스닥100레버리지(합성 H),21005.0,-3.001616254906488,0.237016455819,2657.1325,0.5645,0.39,21437.64,97555.0,20.70382494
423170,SOL 글로벌AI반도체탑픽액티브,59280.0,-3.1926186004735855,-17.866276803697,2655.744,0.4083,0.65,59986.7,47153.0,28.07085809
0162Y0,TIME 코스닥액티브,7820.0,-0.9499683343888538,-11.535574247884,2654.89,0.0,0.81,7844.6,308493.0,24.44581894
213610,KODEX 삼성그룹밸류,22255.0,-1.7872903795233892,-8.027361391058,2648.345,0.9868,0.12,22329.37,16480.0,3.68373498
0183V0,KIWOOM 삼성전자&SK하이닉스채권혼합50,11875.0,-2.34375,-5.910365210104,2648.125,6.2483,0.1,11859.64,621348.0,74.40845454
0232A0,MIDAS 머니마켓액티브,100315.0,0.0,,2592.1396,0.0,0.0,100325.11,1.0,0.00100315
196230,RISE 단기통안채,117070.0,-0.004270766602605168,0.596281235023,2587.247,1.2453,0.15,117088.84,3224.0,3.77399257
486830,HANARO 머니마켓액티브,53410.0,0.0,0.902870512973,2545.5206,0.3745,0.06,53406.8,2016.0,1.07672215
123320,TIGER 레버리지,110580.0,-6.228535085859656,-37.951918972931,2543.34,0.2542,0.04,110100.09,97114.0,109.48564387
364970,TIGER 바이오TOP10,6780.0,3.11787072243346,-1.433017796046,2542.5,0.6835,0.43,6727.44,1051027.0,71.17067434
388420,RISE 비메모리반도체액티브,28855.0,-2.384979702300406,-17.898483162381,2539.24,0.1856,0.56,28800.37,52709.0,15.3402511
472920,HK 종합채권(AA-이상)액티브,97690.0,-0.41286507976961107,-0.180076945379,2526.2634,7.5011,0.05,97663.91,11.0,0.01074695
483340,ACE 구글밸류체인액티브,22260.0,-3.1963470319634704,-18.394317718676,2504.25,0.344,0.53,22678.12,74932.0,16.86733074
117700,KODEX 건설,7075.0,1.6522988505747127,8.587440581776,2483.325,0.4903,0.46,7065.46,2337188.0,164.65690967
139230,TIGER 200 중공업,12710.0,-0.5866249511145875,-16.463937985243,2480.992,0.8804,0.43,12708.86,62793.0,8.01031827
495230,KoAct 코리아밸류업액티브,31355.0,-1.9236784485455114,-16.387236479205,2461.3675,1.8829,0.51,31297.12,21196.0,6.69162618
228790,TIGER 화장품,4270.0,0.5889281507656066,32.026829926124,2450.553,0.6802,0.55,4272.58,2594642.0,111.21438994
493810,TIGER 미국AI빅테크10타겟데일리커버드콜,11375.0,-0.7417102966841187,-4.29267446882,2422.875,15.8681,0.33,11445.33,123308.0,14.03012153
363580,KODEX 200IT TR,57000.0,-3.061224489795918,-21.442585657556,2365.5,0.0,0.18,56951.41,70609.0,40.88444187
0182S0,1Q K반도체TOP2채권혼합50,12650.0,-2.8417818740399388,-7.497992655156,2352.9,0.0,0.03,12687.39,224179.0,28.65579621
283580,KODEX 차이나CSI300,14300.0,-3.4436191762322754,-18.898739681925,2352.35,2.3262,0.22,14277.06,109807.0,15.746919
0053L0,TIGER 차이나휴머노이드로봇,8745.0,-3.2097399003873823,-29.16538593159,2348.0325,0.8345,0.6,8767.04,474563.0,41.77143052
363570,KODEX 장기종합채권(AA-이상)액티브,85355.0,-1.1351132217524758,-1.343745612394,2316.5347,1.6955,0.06,85638.22,51175.0,43.68796554
472160,TIGER 미국테크TOP10 INDXX(H),19470.0,-1.442672741078208,9.062192395456,2307.195,0.2283,0.56,19627.83,165817.0,32.4142276
329650,KODEX TRF3070,13975.0,-0.17857142857142858,-2.841041773474,2305.875,2.5801,0.29,14021.26,21070.0,2.9393796
0092C0,SOL 27-12 회사채(AA-이상)액티브,50280.0,-0.039761431411530816,0.784058367972,2295.7848,0.6761,0.07,50274.14,2085.0,1.0483347
0089D0,KODEX 금융고배당TOP10,13545.0,1.2331838565022422,7.689916252856,2275.56,4.1548,0.33,13577.33,253522.0,34.25715888
0151S0,KODEX 미국AI반도체TOP3플러스,15930.0,-3.337378640776699,-14.889931421543,2254.095,0.1516,0.54,16264.96,181200.0,29.18711403
422420,RISE 2차전지액티브,6840.0,3.0120481927710845,-7.650686189864,2239.416,0.4509,0.41,6870.44,176556.0,12.07277375
498270,KIWOOM 미국양자컴퓨팅,14835.0,-2.1760633036597428,-18.807117339088,2232.6675,0.3087,0.59,15090.29,52953.0,7.9281065
452360,SOL 미국배당다우존스(H),13070.0,-0.7593014426727411,6.019752125772,2221.9,2.8339,0.12,13061.44,157378.0,20.53063782
478150,TIME 글로벌우주테크&방산액티브,17990.0,-0.33240997229916897,-21.611622760238,2221.765,0.4705,0.86,18101.6,107117.0,19.17080248
433500,ACE 원자력TOP10,58240.0,-0.06863417982155114,-1.040977264592,2213.12,0.4813,0.35,58339.7,60981.0,35.67344969
488980,SOL 26-12 회사채(AA-이상)액티브,52235.0,0.009573042312847023,0.819711061271,2188.6465,2.4033,0.07,52228.46,34.0,0.01775705
437080,KODEX 미국종합채권ESG액티브(H),94700.0,-1.4875689170914386,-1.796376817524,2177.153,4.6082,0.23,94771.61,6608.0,6.25896597
271050,KODEX WTI원유선물인버스(H),1713.0,-4.780433574207893,-25.951716961498,2169.94275,0.0,0.41,1720.38,6984614.0,120.35654436
0104N0,TIGER 200타겟위클리커버드콜,21015.0,-3.112033195020747,-14.767541755655,2164.545,5.6681,0.28,21002.83,127064.0,26.94247813
458260,TIGER 미국투자등급회사채액티브(H),45070.0,-2.0323877839365285,-2.516185899338,2163.36,4.9654,0.2,45142.04,12424.0,5.60154762
442320,RISE 글로벌원자력,34260.0,-1.168325400259628,-19.688760665627,2154.954,0.4717,0.48,34406.9,11787.0,4.03669919
0119H0,KODEX 28-12 회사채(AA-이상)액티브,9900.0,-0.10090817356205853,0.616355846545,2130.48,0.4942,0.1,9916.64,62022.0,6.1420913
157500,TIGER 증권,11940.0,-1.4444903012794057,-14.630657313466,2125.32,3.6507,0.45,11922.29,228007.0,27.20070317
266160,RISE 고배당,33420.0,-1.3577331759149942,-10.311641918796,2122.17,1.8397,0.26,33268.92,16764.0,5.61147492
305080,TIGER 미국채10년선물,11765.0,-1.0096760622633572,-13.95061799983,2117.7,0.5475,0.34,11762.2,85883.0,10.07458916
490090,TIGER 미국AI빅테크10,16110.0,-0.8004926108374384,-3.446212755748,2110.41,0.2281,0.37,16203.23,56612.0,9.11838784
0233J0,TIGER 삼성전자SK하이닉스미국채혼합50,10540.0,-2.542764678687009,,2108.0,0.0,0.15,10605.64,442870.0,46.91341727
244580,KODEX 바이오,7995.0,2.237851662404092,-10.494734471869,2091.492,0.0,0.49,7976.58,614119.0,49.48188626
332930,HANARO 200TR,143740.0,-3.058506154105547,-14.69031409217,2084.23,0.0,0.06,143767.65,282.0,0.40961925
448540,ACE 엔비디아채권혼합,26560.0,-0.5615874204417821,-0.536968841262,2071.68,0.8732,0.13,26572.1,23907.0,6.3452738
486450,SOL 미국AI전력인프라,18590.0,-2.670157068062827,-27.877343572758,2035.605,0.6287,0.55,18888.04,62403.0,11.64139234
0005A0,KODEX 미국S&P500데일리커버드콜OTM,9280.0,-0.7486631016042781,-8.998792730045,2023.04,15.9216,0.36,9309.95,234553.0,21.79849016
267770,TIGER 200선물레버리지,83940.0,-6.358768406961178,-38.445493157533,2014.56,0.3289,0.04,83650.92,96464.0,82.94587457
463050,TIME K바이오액티브,11135.0,1.2272727272727273,-16.056201403897,2009.8675,0.0,0.83,11084.72,203864.0,22.80755954
0069M0,1Q 미국나스닥100,13685.0,-0.9410061527325371,-10.578485841123,1998.01,0.485,0.17,13803.91,104860.0,14.36761899
480040,ACE 미국반도체데일리타겟커버드콜(합성),14615.0,-0.5105513955071477,-26.75556731306,1987.64,23.5689,0.52,14811.36,136771.0,20.07628427
0093A0,RISE AI반도체TOP10,35310.0,-3.6956225282967408,-8.076775341951,1942.05,0.0408,0.26,35246.53,131869.0,47.42174654
302190,TIGER 중장기국채,49650.0,-0.7496251874062968,-0.052258712206,1926.42,1.0285,0.17,49665.56,6364.0,3.1612126
433980,KODEX TDF2040액티브 적격,15760.0,-0.2847200253084467,-6.470426314282,1922.72,1.7645,0.31,15761.32,33140.0,5.21519415
0204D0,KODEX 현대차로보틱스밸류체인TOP3플러스,5645.0,1.1648745519713262,-22.293455723753,1922.1225,0.0,0.52,5649.43,344349.0,19.4632121
495060,TIME 코리아밸류업액티브,28230.0,-2.7892561983471076,-23.669027703256,1919.64,0.0,0.83,28205.38,33445.0,9.51498965
0115D0,KODEX 조선TOP10,7335.0,-0.33967391304347827,-17.419412758174,1896.0975,0.3405,0.5,7347.25,495153.0,36.51817703
495550,SOL 코리아밸류업TR,32880.0,-1.8067791548454533,-14.173918244338,1890.6,0.0,0.07,32822.5,8595.0,2.84372995
494330,ACE 라이프자산주주가치액티브,33060.0,-0.481637567730283,-0.002250563248,1884.42,1.2009,0.56,33024.73,13110.0,4.32875935
0082V0,KODEX TDF2060액티브 적격,11250.0,-0.26595744680851063,-8.332945908554,1884.375,1.5093,0.36,11217.41,38875.0,4.3697714
466930,SOL 자동차TOP3플러스,23455.0,0.9468474284484614,-22.949020795377,1852.945,1.6815,0.51,23512.67,117537.0,27.702639
0091C0,KODEX 미국10년국채액티브(H),9260.0,-1.6463090812533192,-2.346468419298,1852.926,4.2577,0.18,9266.42,250386.0,23.19552014
0005G0,IBK K-AI반도체코어테크,53600.0,-3.414722047031264,-12.56069266264,1849.2,0.1909,0.34,53514.38,12904.0,7.00857248
261260,KODEX 미국달러선물인버스2X,5465.0,-0.9963768115942029,27.699567512944,1838.426,0.0,0.48,5469.38,199136.0,10.9548472
429000,TIGER 미국S&P500배당귀족,12700.0,-0.6259780907668232,-9.726876373186,1828.8,2.1447,0.33,12696.6,73755.0,9.32121984
473460,KODEX 미국서학개미,24120.0,-2.169945244372338,-10.869543268381,1821.06,0.2119,0.36,24393.38,26751.0,6.46750335
412570,TIGER 2차전지TOP10레버리지,1207.0,4.8653344917463075,-14.323776167335,1797.8265,0.4368,0.34,1227.21,7531825.0,90.44032093
0047A0,TIGER 차이나테크TOP10,11870.0,-5.153815421494207,-20.699360026915,1792.37,0.2363,0.58,11797.39,203032.0,24.69198964
494220,UNICORN SK하이닉스밸류체인액티브,50990.0,-2.5513616817964646,-15.419923298135,1784.65,0.0,0.56,50884.73,59694.0,30.61919047
480020,ACE 미국빅테크7+데일리타겟커버드콜(합성),9970.0,-0.9930486593843099,-8.400550499081,1784.63,26.3295,0.52,10026.52,209309.0,20.8736116
332500,ACE 200TR,73945.0,-2.8254155989223997,-14.725577260105,1774.68,0.0,0.04,73683.49,28623.0,21.33162235
0190G0,KODEX 반도체타겟위클리커버드콜,9435.0,-2.6817947395564725,-11.909079630554,1773.78,3.0602,0.47,9393.46,298229.0,28.43204272
414780,TIGER 차이나과창판STAR50(합성),12900.0,-6.926406926406926,-24.070143640404,1767.3,0.144,0.14,13007.77,192962.0,25.25205772
122090,PLUS 코스피50,82455.0,-2.976995940460081,-16.875590674608,1756.2915,0.6443,0.35,82346.05,16457.0,13.70214687
483290,KODEX 미국배당다우존스타겟커버드콜,9915.0,-0.30165912518853694,-6.488807916285,1754.955,12.5668,0.47,9888.82,199635.0,19.67033146
0040X0,SOL 팔란티어미국채커버드콜혼합,9355.0,-0.37273695420660274,0.445552981618,1754.0625,24.436,0.45,9352.23,183141.0,17.06949836
0099L0,ACE 우량회사채(AA-이상)액티브,99350.0,-0.22095008536707844,0.796634297788,1742.599,0.7466,0.12,99406.6,85.0,0.0844639
0192Z0,TIGER 중기종합채권(A-이상)액티브,100700.0,-0.2179944510503369,0.631296373618,1734.054,0.0,0.07,100715.51,44.0,0.04431445
461950,KODEX 2차전지핵심소재10,4920.0,3.361344537815126,-10.730442917335,1731.84,0.3987,0.49,4942.78,1223397.0,59.90124118
233160,TIGER 코스닥150 레버리지,7700.0,0.0649772579597141,-29.720672013373,1709.4,0.3487,0.35,7715.65,2637032.0,207.61516819
476450,KIWOOM 머니마켓액티브,52885.0,0.009455370650529501,0.855133221806,1706.0701,2.75,0.07,52881.14,2525.0,1.33529375
403790,MIDAS 코스피액티브,58240.0,-1.9693654266958425,-12.33625481477,1703.52,0.1206,0.31,58097.76,38.0,0.0222582
490600,RISE 미국배당100데일리고정커버드콜,8565.0,-0.6380510440835266,-7.300551210438,1640.1975,18.3141,0.34,8561.52,273394.0,23.31696311
337160,KODEX 200ESG,48200.0,-2.930218507703152,-14.601373661603,1638.8,0.8118,0.12,48164.15,14567.0,7.1083941
0153K0,KODEX 주주환원고배당주,12285.0,1.950207468879668,7.715898441757,1633.905,2.3533,0.37,12296.71,143525.0,17.50775069
237370,KODEX 코리아배당성장채권혼합,15575.0,0.322061191626409,0.657632853447,1619.8,2.9775,0.23,15600.61,49339.0,7.67703692
480030,ACE 미국500데일리타겟커버드콜(합성),9595.0,-0.5184033177812338,-10.314476481229,1611.96,20.1788,0.52,9628.77,90063.0,8.6438333
472870,RISE 미국30년국채엔화노출(합성 H),6570.0,-3.0973451327433628,-14.829316512194,1593.225,3.5114,0.18,6587.31,322400.0,21.10617866
491820,HANARO 전력설비투자,43530.0,-2.431917516530315,-11.527793321996,1588.845,0.1794,0.42,43546.93,72125.0,31.58858501
0193G0,KoAct 코스피액티브,8450.0,-2.7058146229130684,-17.780204319874,1588.6,0.0,0.51,8454.88,232483.0,19.76690224
488720,WON 종합채권(AA-이상)액티브,48450.0,-0.4520238339839737,-0.048045907264,1587.222,1.2104,0.06,48488.32,28.0,0.013566
272560,RISE 단기국공채액티브,114865.0,-0.06525143553158169,0.662834533982,1585.137,1.2846,0.09,114849.06,36682.0,42.14248825
200250,KIWOOM 인도Nifty50(합성),19910.0,-2.8543547206635766,-15.742124234014,1572.89,0.0098,0.37,20018.31,15949.0,3.18987799
0005D0,SOL 전고체배터리&실리콘음극재,14895.0,3.617391304347826,-10.698879574687,1571.4225,0.0903,0.51,14979.01,806901.0,120.00234766
160580,TIGER 구리실물,16190.0,-1.0995723885155773,-4.990315511949,1570.43,0.0121,0.92,16503.91,47814.0,7.73125852
152870,파워 200,110570.0,-3.11500547645126,-14.716566602417,1547.98,0.8438,0.17,110515.05,4762.0,5.3460614
0064K0,KODEX 금액티브,11910.0,-3.13135420902806,-8.226212894144,1536.39,0.0,0.36,11911.38,125106.0,14.99900973
354500,ACE 코스닥150,14285.0,0.07005253940455342,-10.762156009573,1514.21,0.3493,0.06,14317.5,65173.0,9.39333573
0180V0,ACE 미국우주테크액티브,7955.0,-2.212661339889367,-24.4858085193,1511.45,0.0,0.83,8053.18,106108.0,8.4992788
394670,TIGER 글로벌리튬&2차전지SOLACTIVE(합성),10310.0,-1.9495958155016644,-24.051817364857,1505.26,0.094,0.55,10362.0,22863.0,2.3527152
458210,KIWOOM CD금리액티브(합성),110820.0,-0.02255401687040462,0.740004640508,1488.3126,0.0144,0.06,110792.89,2626.0,2.9100076
219480,KODEX 미국S&P500선물(H),33220.0,-0.7913991339405704,3.552408827687,1478.29,0.7321,0.1,33247.98,10506.0,3.4925069
138520,TIGER 삼성그룹,36250.0,-1.7615176151761518,-9.982447144563,1464.5,0.5542,0.2,36192.36,7413.0,2.7071827
0151P0,RISE 코리아전략산업액티브,14850.0,-3.257328990228013,-18.624825690502,1462.725,0.1944,0.53,14825.31,65953.0,9.93660565
438560,SOL 국고채3년,99965.0,-0.38365719980069757,0.424726393116,1461.4883,2.5155,0.08,99979.68,329.0,0.32896305
0104H0,KoAct 미국나스닥채권혼합50액티브,11935.0,-0.29239766081871343,-12.428267619011,1456.07,0.2743,0.36,12029.58,34792.0,4.16298824
491610,1Q CD금리액티브(합성),105095.0,0.01427483821850019,0.759126607614,1453.46385,0.7062,0.03,105072.78,1423.0,1.49547016
0051G0,SOL 미국원자력SMR,11715.0,-5.0263477908390755,-25.67384344448,1446.8025,0.4638,0.55,11821.24,92324.0,10.88791875
0127M0,ACE 미국대형가치주액티브,12020.0,-0.16611295681063123,-10.3681561075,1442.4,0.979,0.5,12091.34,168105.0,20.09026665
481180,SOL 미국AI소프트웨어,16635.0,0.27124773960216997,15.651171762565,1422.2925,0.0302,0.55,16663.7,81128.0,13.4728348
471760,TIGER AI반도체핵심공정,15375.0,-0.19474196689386564,-12.815039741953,1422.1875,0.0322,0.51,15351.44,694379.0,108.53457397
0041E0,KODEX 미국S&P500액티브,16270.0,-0.4588559192413582,-14.696070089579,1415.49,0.7353,0.54,16358.21,126273.0,20.52236818
0199C0,ACE 고배당주Plus커버드콜액티브,9275.0,0.9249183895538629,1.127404420464,1405.1625,5.5679,0.41,9245.94,567264.0,52.23632551
0048K0,KODEX 차이나휴머노이드로봇,7810.0,-1.7610062893081762,-28.950103858222,1397.99,0.7284,0.55,7812.8,297564.0,23.29385926
498180,파워 종합채권(AA-이상)액티브,92630.0,-0.8191016649713582,-0.267275447121,1395.9341,3.5888,0.06,92896.92,2.0,0.00185275
457990,PLUS 태양광&ESS,36255.0,6.086320409656182,-5.186334016359,1395.8175,0.5561,0.51,36465.64,558153.0,202.62917196
143860,TIGER 헬스케어,34930.0,1.4227642276422765,-7.157834884928,1390.214,0.2092,0.42,34866.23,13264.0,4.66095065
245340,TIGER 미국다우존스30,34315.0,-0.1309662398137369,-11.039608506758,1386.326,1.369,0.43,34420.24,14399.0,4.9247129
0131W0,1Q 단기특수은행채액티브,102305.0,0.004887585532746823,0.748440969669,1380.09445,0.0,0.02,102309.93,2023.0,2.0697306
495330,1Q 코리아밸류업,31975.0,-2.1273339455157636,-14.36502032003,1374.925,1.0809,0.04,31921.8,2126.0,0.6819568
451530,TIGER 국고채30년스트립액티브,34630.0,-1.8980169971671388,-7.478156563182,1367.885,1.7294,0.18,34381.56,33048.0,11.34653124
476030,SOL 미국나스닥100,17355.0,-1.0265183917878529,-10.482801909697,1353.69,0.4339,0.1,17502.1,99262.0,17.27491741
139220,TIGER 200 건설,7895.0,-0.31565656565656564,-0.323212969376,1338.992,0.822,0.43,7918.3,262115.0,20.74305103
0092B0,SOL 한국원자력SMR,15965.0,0.5036197670758578,0.762451106976,1325.095,0.1888,0.51,15944.21,93073.0,14.84265796
463680,KODEX 미국S&P500테크놀로지,23025.0,-0.3246753246753247,-9.468085724073,1323.9375,0.4423,0.38,23140.55,24096.0,5.5536119
0091M0,HANARO 27-06 회사채(AA-이상)액티브,10165.0,0.04921259842519685,0.677299908914,1304.1695,0.0,0.04,10166.37,233.0,0.02369052
411420,KODEX 미국나스닥AI테크액티브,27215.0,-1.3770610617865555,-7.453649178575,1292.7125,0.2324,0.6,27549.88,10914.0,2.97553823
0181B0,HANARO 미국AI메모리반도체TOP4+,10000.0,-3.428295509415741,-30.274318776086,1270.0,0.0,0.48,10234.56,177087.0,17.82598013
461500,HANARO 종합채권(AA-이상)액티브,104240.0,-0.837138508371385,-0.140609538423,1264.4312,3.3272,0.04,104535.86,40.0,0.0417162
325010,KODEX 성장주,43595.0,-2.5047523202504753,-15.778691920528,1264.255,0.1649,0.36,43528.68,1639.0,0.72169435
463290,1Q 단기금융채액티브,109460.0,0.009136592051164915,0.802913819865,1263.1684,1.6619,0.09,109459.56,536.0,0.5867007
0074K0,KoAct K수출핵심기업TOP30액티브,16895.0,-1.0251903925014645,-16.66978595812,1250.23,0.0,0.56,16866.34,31920.0,5.44360811
448100,WON 200,113110.0,-2.5333907798362776,-14.889052160927,1244.21,0.6268,0.05,112694.0,11170.0,12.7259995
304660,KODEX 미국30년국채울트라선물(H),6965.0,-3.798342541436464,-4.351644915949,1239.77,0.0,0.36,6980.51,42628.0,2.97221068
0197X0,SOL SK하이닉스선물단일종목인버스2X,5935.0,9.099264705882353,-37.616096024048,1238.93125,0.0,0.12,5980.81,12659845.0,737.09178968
0000Y0,HK 26-12 회사채(AA-이상)액티브,102060.0,0.004899318994659742,0.784548007894,1234.926,3.0378,0.08,102065.53,20.0,0.0204135
447620,SOL 미국TOP5채권혼합50,15820.0,-0.47184649260773825,0.448016549396,1233.96,0.4091,0.36,15893.92,41068.0,6.51974421
0123G0,TIGER 미국AI전력SMR,5940.0,-3.883495145631068,-29.112729001976,1223.64,0.0648,0.55,6002.37,182852.0,10.92082366
192090,TIGER 차이나CSI300,11695.0,-2.9460580912863072,-20.052647391044,1210.4325,2.5435,0.82,11658.46,113875.0,13.34402497
438570,SOL 국고채10년,96810.0,-1.3350998777007745,-0.481027417756,1208.1888,3.3377,0.07,97004.62,341.0,0.33025725
377990,TIGER Fn신재생에너지,24385.0,2.5441547518923464,-12.706485483683,1207.0575,0.7554,0.56,24456.8,76040.0,18.66686787
328370,PLUS 코스피TR,38820.0,-1.9820729705845221,-13.887635144757,1203.42,0.0,0.18,38698.93,66.0,0.02569355
114820,TIGER 국채3년,104660.0,-0.3000714455822815,0.392055398654,1201.4968,0.5265,0.17,104648.96,27953.0,29.25410002
491230,PLUS 국공채머니마켓액티브,52610.0,0.009504799923961601,0.824461727542,1194.247,1.1921,0.07,52602.45,778.0,0.40929536
469170,ACE 포스코그룹포커스,5880.0,1.7301038062283738,2.178263984638,1193.64,1.2299,0.36,5899.83,395452.0,23.19971143
0184L0,PLUS 중기종합채권(A-이상)액티브,100405.0,-0.22854871565558701,0.679402774175,1191.80735,0.0,0.07,100395.45,20059.0,20.13610795
251340,KODEX 코스닥150선물인버스,2390.0,0.20964360587002095,0.807900594564,1183.05,0.0,0.68,2404.97,35763309.0,847.84196819
0209D0,KODEX 전고체배터리ESS TOP2플러스,8175.0,3.677869372225745,-8.089011225042,1181.2875,0.0,0.51,8160.77,1187231.0,96.81956576
332940,HANARO MSCI Korea TR,49065.0,-2.7549301357645426,-14.530296205476,1177.56,0.0,0.18,48895.61,137.0,0.0679738
399110,SOL 미국S&P500ESG,20635.0,-0.26582890285161914,-9.102185044958,1176.195,0.902,0.22,20649.58,21300.0,4.3856093
0168K0,TIGER 기술이전바이오액티브,5500.0,0.5484460694698354,-20.27068850232,1172.6,0.0,0.51,5505.24,1118738.0,62.15967793
0085P0,ACE 미국10년국채액티브,9440.0,-1.1000523834468308,-13.327514337236,1170.56,3.9389,0.2,9459.38,579709.0,54.55146721
0135Y0,IBK 중기종합채권(AA-이상)액티브,100035.0,-0.2592352559948153,0.478597364219,1157.40495,0.0,0.06,100056.77,23.0,0.02301385
182480,TIGER 미국MSCI리츠(합성 H),12960.0,-2.1148036253776437,-3.417553304394,1140.48,3.3408,0.37,13082.81,14647.0,1.90219953
326240,RISE IT플러스,44665.0,-2.179150240911082,-15.214614451412,1134.491,0.2183,0.46,44620.69,3771.0,1.7157354
304940,KODEX 미국나스닥100선물(H),33300.0,-1.391767841279242,0.811576528369,1132.2,0.6754,0.13,33620.08,2253.0,0.7531949
367770,RISE 수소경제테마,21920.0,1.037105323807329,-13.155021420428,1128.88,0.4594,0.51,21847.51,37393.0,8.1849306
319640,TIGER 골드선물(H),24475.0,-3.717545239968529,2.381949260454,1125.85,1.0675,0.44,24443.32,28025.0,6.91380841
0191W0,HANARO 중기종합채권(A-이상)액티브,100635.0,-0.2527505203687184,0.585967038011,1119.0612,0.0,0.06,100669.52,100.0,0.1006475
0036R0,RISE 미국휴머노이드로봇,19960.0,-1.26143952510512,-15.111449077274,1117.76,0.2966,0.5,20223.84,10743.0,2.15284781
0000J0,PLUS 한화그룹주,27895.0,1.41792401381567,-9.555282017094,1115.8,0.1819,0.25,28047.62,97624.0,27.44575906
488500,TIGER 미국S&P500동일가중,12125.0,-0.7367990176013098,-10.151920611583,1097.3125,1.4993,0.32,12149.81,60783.0,7.35132601
476850,KoAct 배당성장액티브,22390.0,-0.4888888888888889,-8.134818767235,1097.11,6.5961,0.52,21923.47,93458.0,20.7014299
266370,KODEX IT,70575.0,-1.9383076281784077,-17.898289213192,1093.9125,0.0708,0.46,70439.57,24196.0,17.33424312
0174B0,KoAct 글로벌AI메모리반도체액티브,14815.0,-2.4366150806717157,-24.454164316087,1088.9025,0.0,0.53,15060.76,80031.0,12.03258606
309230,ACE 미국WideMoat동일가중,29375.0,-1.3102637325718125,-5.138727384679,1081.0,1.2013,0.55,29550.86,10283.0,3.01619302
455860,SOL 2차전지소부장Fn,4475.0,2.7554535017221586,-12.494395909462,1080.7125,0.3693,0.51,4480.07,435123.0,19.367295
0221V0,IBK 초단기채권액티브,100680.0,0.0,,1076.2692,0.0,0.06,100694.03,161.0,0.1620999
372330,KODEX 차이나항셍테크,6425.0,-0.1554001554001554,-13.944644286105,1072.975,1.1563,0.23,6394.87,93310.0,5.95223145
0193M0,BNK 27-12 특수채(AAA이상)액티브,50370.0,-0.009925558312655087,0.687707272754,1064.8218,0.0,0.07,50364.67,90.0,0.0453365
496090,KIWOOM 코리아밸류업,32235.0,-1.6475972540045767,-14.252348322534,1063.755,0.9129,0.03,32124.11,74.0,0.02392995
0137V0,KIWOOM 미국S&P500모멘텀,11715.0,0.4286326618088298,-16.261590031344,1060.2075,0.4208,0.32,11655.14,76979.0,8.98796997
0132K0,PLUS 테슬라위클리커버드콜채권혼합,7940.0,-0.5012531328320802,-4.555562795383,1059.99,20.9391,0.46,7971.12,89531.0,7.1103092
464930,TIGER 글로벌혁신블루칩TOP10,20550.0,-0.3394762366634336,-6.199573180106,1058.325,0.724,0.55,20680.55,7694.0,1.57862737
203780,TIGER 미국나스닥바이오,34820.0,-1.261874379696583,2.957254662888,1044.6,0.4534,0.76,35002.77,19319.0,6.7189663
0138Y0,PLUS 금채권혼합,9485.0,-1.9131334022750777,-3.883969695481,1043.35,0.0206,0.2,9636.85,172424.0,16.43850119
0162L0,KODEX 차이나AI반도체TOP10,12590.0,-7.358351729212656,-31.211402814107,1038.675,0.1688,0.6,12569.13,865067.0,110.57659474
464310,TIGER 글로벌AI&로보틱스 INDXX,13265.0,-0.7853403141361257,-19.077570912705,1034.67,0.6626,0.55,13308.18,12318.0,1.63956142
0008T0,SOL 화장품TOP3플러스,17385.0,-0.05748778384593274,33.142080604959,1025.715,0.5121,0.51,17432.59,542308.0,94.93613721
475050,ACE KPOP포커스,6885.0,0.8791208791208791,-7.488622878983,1022.4225,0.8826,0.37,6850.54,645541.0,44.24040755
0122W0,RISE 26-11 회사채(AA-이상)액티브,51092.0,-0.015655577299412915,0.803531187731,1018.77448,0.2643,0.06,51093.54,79.0,0.04036259
465610,ACE 미국빅테크TOP7 Plus레버리지(합성),42370.0,-2.496835807156829,-4.322263734741,1016.88,1.0818,0.66,43037.75,8199.0,3.46944348
0080Y0,SOL 조선TOP3플러스레버리지,7920.0,-0.7518796992481203,-39.359518070764,1013.76,0.1896,0.56,7931.71,316680.0,25.25502311
168580,ACE 중국본토CSI300,31930.0,-4.444111925781835,-19.222684747502,996.216,2.2985,0.8,32253.45,5145.0,1.65725227
458030,WON 국공채머니마켓액티브,55145.0,-0.018130722509291996,0.76669999419,992.61,1.0954,0.08,55150.82,167.0,0.0920973
394660,TIGER 글로벌자율주행&전기차SOLACTIVE,15055.0,-1.8578878748370273,-25.379420416202,987.608,0.9122,0.55,15236.62,5586.0,0.84198628
0177X0,ACE K휴머노이드로봇산업TOP2+,9530.0,-2.1560574948665296,-3.920604803551,981.59,0.0,0.48,9509.15,175095.0,16.92539884
114100,RISE 국고채3년,105545.0,-0.3728525580517274,0.389459419346,976.29125,2.6772,0.14,105573.42,45463.0,47.96641325
0142D0,TIGER 미국AI데이터센터TOP4Plus,10310.0,-5.020727775218793,-26.920459430109,969.14,0.0184,0.55,10534.18,133070.0,13.86267782
473440,ACE 11월만기자동연장회사채AA-이상액티브,10865.0,0.0,0.883187604954,945.255,1.5362,0.07,10871.96,1657.0,0.1800848
486240,DAISHIN AI반도체&인프라액티브,30455.0,-1.6311369509043927,-11.422259856392,944.105,0.2632,0.41,30319.15,662.0,0.2046241
433970,KODEX TDF2030액티브 적격,13880.0,-0.6086645184389545,-4.766839512056,943.84,1.7642,0.26,13900.74,35672.0,4.94829714
195980,PLUS 신흥국MSCI(합성 H),15320.0,-1.5424164524421593,-3.917878855453,940.648,0.032,0.56,15325.83,18508.0,2.84779399
0035T0,PLUS 글로벌휴머노이드로봇액티브,19280.0,-0.10362694300518134,-18.03163987231,935.08,0.6674,0.58,19264.41,10773.0,2.0870866
479620,SOL 미국AI반도체칩메이커,26820.0,-2.6850507982583456,-19.139152617364,925.29,0.1448,0.53,27388.14,15671.0,4.24125759
298770,KODEX 한국대만IT프리미어,84065.0,-1.2858149365899483,-14.227314462344,924.715,0.6067,0.64,84109.25,14710.0,12.41044623
0176E0,RISE 미국AI전력인프라액티브,9720.0,0.25786487880350695,-31.564710017408,923.4,0.0,0.49,9881.09,76899.0,7.48961457
308620,KODEX 미국10년국채선물,11065.0,-0.9400179051029544,-13.620386240525,918.395,1.4332,0.14,11060.82,52695.0,5.81323079
453080,KIWOOM 미국나스닥100(H),23490.0,-1.4681208053691275,0.68665681182,916.11,0.4661,0.18,23716.58,58225.0,13.75273655
475280,ACE 8월만기자동연장회사채AA-이상액티브,10735.0,-0.09306654257794322,0.685633838562,914.622,1.1916,0.07,10744.53,57.0,0.00612
325020,KODEX 배당가치,29400.0,0.0,0.104275909712,911.4,2.8524,0.36,29391.99,5204.0,1.53010086
143850,TIGER 미국S&P500선물(H),77470.0,-0.9081606548989511,2.971847109832,910.2725,1.0056,0.36,77504.81,4127.0,3.19915955
0052T0,1Q 중단기회사채(A-이상)액티브,50745.0,0.019710259189908347,0.874041974383,908.3355,1.2209,0.07,50792.33,1.0,0.00050745
454320,HANARO CAPEX설비투자iSelect,42050.0,-0.8020759613116301,-5.461037672593,904.075,0.1891,0.52,41993.35,1034.0,0.43485065
269540,PLUS 미국S&P500(H),30080.0,-0.8406131531234547,1.587335119887,902.4,0.2311,0.09,30212.22,43099.0,12.99235255
475310,SOL 반도체후공정,29060.0,-2.3685536704182764,-2.016877416731,900.86,0.0169,0.51,28993.37,341236.0,100.54400705
444490,WON 미국S&P500,20025.0,-0.373134328358209,-8.125843416151,891.1125,0.2838,0.16,20094.11,18958.0,3.7904056
261270,KODEX 미국달러선물인버스,8190.0,-0.6067961165048543,13.433166867574,888.615,0.0,0.48,8207.72,23484.0,1.93005825
468380,KODEX iShares미국하이일드액티브,10590.0,-0.9817671809256662,-11.648477744023,883.206,7.2715,0.17,10609.23,46038.0,4.85679489
211900,KODEX 코리아배당성장,28010.0,1.1191335740072201,0.732127696229,882.315,2.6842,0.18,28076.13,6636.0,1.85251167
0007N0,아이엠에셋 200,110085.0,-3.21772385599367,-14.683638238684,880.68,1.1871,0.09,110016.81,230.0,0.2545406
0066W0,SOL 국제금,12040.0,-3.176517893043828,-8.154040198786,878.92,0.0239,0.15,12377.94,65650.0,7.9630827
453330,RISE 미국S&P500(H),18225.0,-0.8163265306122449,3.777698782708,874.8,0.9974,0.13,18297.85,24757.0,4.51680939
329670,KODEX TRF7030,21810.0,-0.1144950767117014,-6.509904205669,872.4,1.8401,0.16,21878.79,13144.0,2.85830765
469060,RISE 미국반도체NYSE,36680.0,-1.4375923686685477,-22.727704624909,861.98,0.4205,0.1,37449.4,19446.0,7.2382896
495040,PLUS 코리아밸류업,31875.0,-1.4530839387849745,-14.165842407019,860.625,0.968,0.05,31809.19,1029.0,0.3287775
460960,ACE 글로벌인컴TOP10,10640.0,-1.3444598980064906,-11.139293269007,840.56,7.946,0.31,10652.67,187752.0,20.03759779
329660,KODEX TRF5050,17705.0,-0.056449336720293536,-4.505042594824,832.135,2.135,0.22,17759.44,13610.0,2.40257735
0198A0,KIWOOM 코스닥150커버드콜액티브,8785.0,0.5148741418764302,,825.79,4.5787,0.64,8729.02,1327285.0,116.8242707
485690,RISE 미국AI밸류체인TOP3Plus,22600.0,-2.016041621504444,-9.789886674629,824.9,0.3258,0.09,22901.89,7340.0,1.67015817
359210,KODEX 코스피TR,35830.0,-2.224041479055806,-13.55237081297,824.09,0.0,0.1,35767.77,2382.0,0.86169075
461460,PLUS 국고채10년액티브,50665.0,-1.218561123025931,-0.602842311409,821.7863,1.3267,0.07,50664.03,245284.0,124.3250788
429760,PLUS 미국S&P500,19410.0,-0.3593429158110883,-8.200465906962,815.22,0.9354,0.12,19466.07,517735.0,100.1647488
449770,KIWOOM 미국S&P500,20895.0,-0.07173601147776183,-8.166733851387,814.905,1.0121,0.17,20957.3,7051.0,1.4681842
0017Y0,1Q 종합채권(AA-이상)액티브,93290.0,-0.8397108843537415,-0.217335501356,810.6901,1.1317,0.04,93546.23,131.0,0.12221135
0018C0,PLUS 고배당주위클리고정커버드콜,10550.0,1.1020603737422137,7.038736225233,807.075,17.202,0.37,10558.21,98352.0,10.3401613
337140,KODEX 코스피대형주,36555.0,-2.3898531375166887,-14.591072678865,804.21,0.7307,0.16,36501.59,8039.0,2.96033698
108450,ACE 삼성그룹섹터가중,39925.0,-1.3710474308300395,-8.842681947995,798.5,0.9108,0.2,39929.84,1044.0,0.4181521
138530,TIGER LG그룹플러스,12305.0,2.28595178719867,-0.219649107916,797.364,1.1625,0.2,12292.07,166369.0,20.46588638
0057H0,PLUS 미국S&P500미국채혼합50액티브,11525.0,-1.0729613733905579,-9.382004574884,795.225,1.5518,0.22,11562.38,99457.0,11.4470432
0098N0,PLUS 자사주매입고배당주,13120.0,2.06145468689226,9.220485479634,787.2,5.0178,0.36,13143.36,51387.0,6.69748983
495750,HANARO 코리아밸류업,32115.0,-1.7288861689106487,-14.160511982203,786.8175,0.9756,0.04,32063.32,89.0,0.0287212
0225V0,KODEX 미국CPU반도체TOP10,12055.0,-4.058893752487068,,783.575,0.0,0.56,12450.32,829172.0,101.14045677
0049M0,ACE 미국배당퀄리티+커버드콜액티브,11100.0,0.13531799729364005,-9.237638099151,782.55,7.4814,0.42,11171.12,39971.0,4.420211
210780,TIGER 코스피고배당,23495.0,1.5341400172860846,6.227014484997,775.335,4.7416,0.32,23572.71,18407.0,4.30629956
365040,TIGER AI코리아그로스액티브,36485.0,-2.680714857295279,-12.728336235324,766.185,0.0134,0.41,36344.77,8395.0,3.0698968
490480,SOL K방산,27795.0,0.3973270724218891,-14.461401133889,750.465,0.0398,0.53,27803.3,17042.0,4.75080694
0080X0,SOL 미국S&P500미국채혼합50,10700.0,-0.1865671641791045,-10.972645586972,749.0,1.9996,0.41,10716.54,79825.0,8.52521857
228810,TIGER 미디어컨텐츠,3050.0,0.6600660066006601,-9.148918313266,747.555,0.165,0.55,3051.11,224495.0,6.85682532
272910,ACE 중장기국공채액티브,105565.0,-0.4197717196490897,0.364288520454,747.4002,1.1334,0.1,105510.9,9.0,0.0095019
0238F0,KODEX 미국AI메모리TOP2플러스,10660.0,-3.266787658802178,,746.2,0.0,0.0,10926.28,206743.0,22.27973525
364960,TIGER BBIG,6240.0,2.7160493827160495,-4.655270216147,742.56,0.4944,0.44,6236.67,24460.0,1.51074755
157490,TIGER 소프트웨어,7925.0,0.8269720101781171,-4.329504859661,735.44,0.7904,0.45,7937.53,27243.0,2.16417384
475350,RISE 버크셔포트폴리오TOP10,14375.0,0.4893393918210416,-7.36956108241,733.125,1.6646,0.09,14308.44,25166.0,3.58383564
0240J0,RISE 삼성SK그룹,10425.0,-3.6506469500924212,,729.75,0.0,0.0,10400.9,1120450.0,117.24112652
412770,TIGER 글로벌AI플랫폼액티브,12660.0,-1.8224117875145405,-23.256243328145,725.418,0.3094,0.86,12752.59,4612.0,0.58785737
298340,PLUS 국채선물3년,56220.0,-0.43389710440095636,0.555584238296,724.1136,1.0658,0.13,56269.61,168557.0,94.85939955
292190,KODEX KRX300,48145.0,-3.71,-14.562985566232,722.175,0.8664,0.08,48310.44,20517.0,9.95702405
0210E0,PLUS 200커버드콜액티브,7415.0,-2.369980250164582,-15.543638222739,719.255,3.7628,0.5,7368.93,520372.0,38.77647341
0102A0,TIGER 미국AI소프트웨어TOP4Plus,8795.0,-0.6214689265536724,9.896744511434,716.7925,0.079,0.57,8833.84,36694.0,3.22134874
441540,HANARO Fn조선해운,26310.0,0.8239126269400269,-8.79419830844,710.37,0.7666,0.51,26290.61,11709.0,3.07614885
0098Z0,FOCUS 200,93755.0,-3.11563501085047,-14.572386823964,703.1625,0.4341,0.08,93598.18,447.0,0.4246861
0022T0,SOL 국제금커버드콜액티브,12335.0,-3.3685859772816293,-8.380944881263,703.095,4.4851,0.56,12688.92,174160.0,21.68403718
211560,TIGER 배당성장,34985.0,0.8213256484149856,0.740218705765,692.703,2.6128,0.18,35170.67,4468.0,1.55832791
0190Y0,TIGER 구글밸류체인,8550.0,-1.8369690011481057,-19.625443629889,692.55,0.3554,0.49,8609.62,50709.0,4.34188956
204480,TIGER 차이나CSI300레버리지(합성),21070.0,-7.850426415919528,-39.249213630845,686.882,0.9461,0.66,21256.02,17029.0,3.61099137
465330,RISE 2차전지TOP10,11585.0,3.668903803131991,-0.410847437951,686.41125,0.0981,0.14,11605.49,119755.0,13.82272868
228800,TIGER 여행레저,2665.0,1.1385199240986716,-3.676620762219,685.971,1.7038,0.55,2664.27,109390.0,2.91215322
266420,KODEX 헬스케어,15860.0,1.731879409878127,-7.072489044837,681.98,0.0,0.1,15838.55,36610.0,5.82642545
0233A0,ACE 삼성전자SK하이닉스플러스채권혼합50,10655.0,-1.751959428307976,,681.92,0.0,0.07,10638.54,223817.0,24.21578246
130730,KIWOOM 단기자금,103140.0,-0.009694619486185167,0.669058403296,680.724,2.9447,0.08,103140.03,2720.0,2.80553685
492500,1Q 현대차그룹채권(A+이상)&국고통안,51255.0,-0.175284837861525,0.605443761529,677.5911,1.4747,0.12,51272.23,34.0,0.0174342
473640,HANARO 글로벌금채굴기업,32000.0,-6.432748538011696,5.223829619066,672.0,0.2319,0.43,33009.89,34482.0,11.17038496
0113D0,TIME 글로벌탑픽액티브,11785.0,-0.8830950378469302,-9.387537059539,671.745,0.1344,0.18,11875.0,44567.0,5.23461073
433880,PLUS TDF2060액티브 적격,18360.0,-1.0242587601078168,-8.424643654315,670.14,0.7832,0.31,18395.3,11733.0,2.15941605
278620,PLUS 단기채권액티브,119120.0,-0.02517834662190516,0.822496352444,667.072,1.3387,0.1,119130.25,258.0,0.3074085
491700,HK 200,110860.0,-2.835356501161313,-14.691523343267,665.16,0.9835,0.07,110487.76,2.0,0.00222985
458750,TIGER 미국배당다우존스타겟커버드콜1호,12470.0,-0.3993610223642173,-6.432095241944,648.44,6.1407,0.47,12442.07,51246.0,6.34730778
453950,TIGER TSMC파운드리밸류체인,33035.0,0.13640497120339498,-25.094188902554,644.1825,0.3214,0.61,33354.31,5789.0,1.92709238
277640,TIGER 코스피대형주,37875.0,-2.3588553750966743,-14.575995239293,643.875,0.5911,0.31,37734.96,5373.0,2.0453531
261240,KODEX 미국달러선물,14115.0,0.4626334519572954,-11.089173370059,635.175,0.9593,0.28,14117.3,61900.0,8.70352078
0222D0,KoAct 고배당액티브,10405.0,1.6609672691744015,,634.705,0.8299,0.51,10370.76,167990.0,17.37625027
0123S0,HANARO 26-12 은행채(AA+이상)액티브,10200.0,0.0,0.773022320589,632.4,0.0,0.04,10207.54,1414.0,0.14426226
140700,KODEX 보험,21015.0,2.2627737226277373,5.370386542658,630.45,1.7093,0.47,21067.02,92175.0,19.32874778
418670,TIGER 글로벌AI사이버보안,18400.0,-4.191616766467066,21.749654573617,625.6,0.174,0.55,18384.36,133231.0,24.55895098
292770,KODEX 국채선물3년인버스,58025.0,0.0,0.815945776193,623.1885,1.0774,0.09,58228.38,0.0,0.0
419890,KIWOOM 단기채권ESG액티브,107435.0,-0.07905505952380952,0.63582014937,623.123,2.6646,0.17,107422.17,3208.0,3.44729195
306950,KODEX KRX300레버리지,77210.0,-5.495716034271726,-38.363638023927,617.68,0.0,0.67,77212.75,1066.0,0.83692019
0115E0,KODEX 코리아소버린AI,14150.0,0.8553100498930862,-3.789671269413,615.525,0.4694,0.5,14142.45,18614.0,2.63916372
495940,RISE 미국AI테크액티브,19420.0,-2.289308176100629,-17.70320229998,611.73,0.2729,0.65,19760.55,4964.0,0.97231425
455660,ACE 미국하이일드액티브(H),9245.0,-1.3866666666666667,-0.47227396267,610.17,6.8676,0.32,9253.13,26196.0,2.42128986
252400,RISE 200선물레버리지,101485.0,-6.409369668464979,-38.234390266504,608.91,0.3497,0.04,101290.41,1622.0,1.66677785
453640,KODEX 미국S&P500헬스케어,14030.0,0.21428571428571427,0.134952117752,603.29,1.4521,0.35,14091.59,20649.0,2.8963108
440640,ACE 단기채권알파액티브,112870.0,0.017722640673460344,0.841783890742,597.0823,1.4487,0.17,112860.59,1135.0,1.28096956
0181L0,SOL 미국우주항공TOP10,7190.0,-2.3761031907671417,-23.42493699748,596.77,0.0,0.49,7304.55,125962.0,9.1323018
275980,TIGER 글로벌4차산업혁신기술(합성 H),23850.0,0.04194630872483222,-2.690473293554,596.25,0.5691,0.5,23848.97,2890.0,0.6853036
0040S0,HANARO 글로벌피지컬AI액티브,23840.0,0.16806722689075632,-25.464287969166,596.0,0.0503,0.8,24029.18,6923.0,1.65237765
0166S0,PLUS K제조업핵심기업액티브,11290.0,-3.627827571489543,-14.318301558259,592.725,0.0424,0.66,11382.59,724224.0,82.63839795
491220,PLUS 200TR,130840.0,-2.485559903111608,-14.72914933351,588.78,0.0,0.05,130109.3,12677.0,16.57155065
480310,TIGER 글로벌온디바이스AI,22080.0,-1.1417058428475486,-14.340932275461,585.12,0.2995,0.58,22440.95,32491.0,7.21410089
476750,ACE 미국30년국채엔화노출액티브(H),7090.0,-3.2742155525238745,-14.124459268122,574.29,3.5069,0.24,7136.43,157234.0,11.09296799
0172V0,1Q 은액티브,7905.0,-6.78066037735849,-9.193266287713,573.1125,0.0,0.36,8267.25,400865.0,32.06750696
225040,TIGER 미국S&P500레버리지(합성 H),67905.0,-1.6510971105800565,6.41362213336,570.402,0.7407,0.31,68479.33,4814.0,3.27610757
442560,RISE TDF2040액티브 적격,16390.0,-0.33444816053511706,-6.955428267306,565.455,1.0764,0.1,16308.55,16903.0,2.7663852
304780,HANARO 200선물레버리지,123815.0,-6.388689373606018,-37.901028411535,557.1675,0.0,0.48,123404.78,284.0,0.36034815
0226A0,PLUS SK하이닉스샌디스크채권혼합50,11130.0,-3.6363636363636362,,556.5,0.0,0.26,11267.49,114505.0,12.85599643
278240,RISE 코스닥150선물레버리지,7830.0,-0.6975269499048827,-29.934361233601,555.147,0.7589,0.36,7855.75,174797.0,14.01634785
385590,ACE ESG액티브,24135.0,-2.2082658022690436,-12.366058172076,555.105,0.5452,0.54,24106.9,5964.0,1.4642483
434960,DAISHIN K200,110880.0,-2.7752203077732474,-14.741788555458,554.4,0.7886,0.14,110391.23,9177.0,10.27713956
479730,TIGER 인도빌리언컨슈머,9320.0,-2.2035676810073452,-10.937323871099,549.88,0.8696,0.69,9350.54,12235.0,1.1463259
0000D0,TIGER 엔비디아미국채커버드콜밸런스(합성),8755.0,-2.3968784838350055,-11.563746726354,547.1875,13.4059,0.47,8778.3,37976.0,3.31738323
455960,RISE 미국달러SOFR금리액티브(합성),11925.0,0.3787878787878788,-10.815083541611,546.165,0.0084,0.08,12005.51,6830.0,0.8142903
0141S0,SOL 조선기자재,8560.0,0.9433962264150944,-10.611085594265,543.56,0.1299,0.5,8559.5,52622.0,4.51233431
150460,TIGER 중국소비테마,7380.0,1.0266940451745379,8.125545903045,542.43,1.5692,0.55,7404.97,2579.0,0.19075305
401470,KODEX 메타버스액티브,9365.0,0.21401819154628143,-7.951353146755,538.4875,0.3319,0.56,9356.92,3015.0,0.2820604
0041D0,KODEX 미국AI소프트웨어TOP10,14145.0,1.0718113612004287,12.958838107165,537.51,0.2355,0.54,14159.58,50026.0,7.0530289
0046Y0,ACE 미국배당퀄리티,12350.0,-0.16168148746968472,-8.448891729469,531.05,1.4163,0.32,12372.07,10654.0,1.31322947
481430,RISE 국고채10년액티브,96760.0,-1.2653061224489797,-0.627456581397,529.2772,1.3465,0.03,96850.31,11711.0,11.331638
0111J0,HANARO 증권고배당TOP3플러스,11995.0,-1.680327868852459,-14.579676275776,527.78,2.1737,0.13,11996.15,39640.0,4.75280236
0238P0,TIGER 미국S&P500미국채혼합50,10175.0,0.24630541871921183,,527.065,0.0,0.0,10151.84,196621.0,19.95310987
101280,KODEX 일본TOPIX100,30320.0,-0.09884678747940692,-8.37135205588,521.504,1.5798,0.4,30353.77,3194.0,0.97001333
261070,TIGER 코스닥150바이오테크,11140.0,2.7675276752767526,-21.319218229518,519.124,0.9194,0.43,11099.74,481404.0,54.58836055
0118Z0,ACE 미국AI테크핵심산업액티브,8680.0,-2.1971830985915495,-14.985278611457,516.46,0.0339,0.53,8765.31,5836.0,0.50755485
275300,KODEX 우량주,30315.0,-2.5711071830306924,-15.185628748242,515.355,0.403,0.35,30202.8,763.0,0.2329533
0113P0,HK 머니마켓액티브,102635.0,0.0097442143727162,0.860222007832,511.1223,0.2397,0.07,102647.67,831.0,0.85291865
287180,PLUS 미국나스닥테크,56670.0,-0.7704430047277184,-12.916629650805,510.03,0.3512,0.6,57027.94,2391.0,1.35584385
445150,KODEX 친환경조선해운액티브,27480.0,0.8440366972477065,-10.271594781807,508.38,0.5359,0.56,27560.13,3537.0,0.9735828
0194T0,ACE SK하이닉스단일종목레버리지,9155.0,-9.401286491835725,-62.92350393559,508.1025,0.0,0.11,9126.89,64387.0,6.02675928
253150,PLUS 200선물레버리지,202715.0,-6.531261527111766,-38.269105208544,506.7875,0.5553,0.09,202557.51,5344.0,11.2186787
0220B0,DS 코스닥액티브,11495.0,-1.0331467929401636,,505.78,0.0,1.01,11473.83,182647.0,21.13868858
0118S0,SOL 미국넥스트테크TOP10액티브,10960.0,-2.0116227089852483,-25.494425766432,504.16,0.072,0.68,11142.13,33093.0,3.63659895
440910,WON 미국우주항공방산,22300.0,-0.4908522980812137,-22.571965240625,501.75,0.2002,0.47,22372.36,14396.0,3.1947327
261220,KODEX WTI원유선물(H),27470.0,5.2692086606629625,28.542396103649,501.3275,0.0,0.4,27264.89,79090.0,21.60987421
0185L0,TIME 글로벌휴머노이드로봇산업액티브,7085.0,-1.9377162629757785,-29.890677079413,499.4925,0.0,0.85,7107.88,49556.0,3.52291527
0139P0,ACE 고배당주,13480.0,1.5442561205273069,4.126617057012,498.76,3.0647,0.19,13536.31,11154.0,1.49653505
475260,ACE 2월만기자동연장회사채AA-이상액티브,10765.0,0.0,0.833532329075,496.2665,1.2538,0.07,10768.16,34.0,0.0036614
360140,KODEX 200롱코스닥150숏선물,22540.0,-3.0120481927710845,-7.921308233583,495.88,0.1164,0.67,22506.31,28627.0,6.43227616
152500,ACE 레버리지,45025.0,-6.2174546969381375,-37.929061090775,495.275,0.4907,0.32,44874.94,19187.0,8.7880351
218420,KODEX 미국S&P500에너지(합성),19900.0,1.8163213097979023,0.938616903439,488.545,0.0,0.33,19775.96,20725.0,4.10688628
336160,RISE 금융채액티브,99800.0,-0.2897392346887801,0.486029087721,488.022,3.231,0.09,99774.2,14.0,0.0139759
473490,KIWOOM 글로벌AI반도체,32470.0,0.15422578655151142,-13.967971865831,487.05,0.3185,0.52,32935.58,4494.0,1.46016612
292560,TIGER 일본엔선물,7975.0,-0.12523481527864747,-9.5608007516,486.475,2.1363,0.28,7997.83,106002.0,8.45188152
316670,KIWOOM 코스닥150,7065.0,0.14174344436569808,-10.627138316042,484.659,0.212,0.19,7076.01,425839.0,30.23279859
461340,HANARO 글로벌생성형AI액티브,44040.0,-1.432408236347359,-14.111628699665,484.44,0.119,0.72,44564.45,1722.0,0.75937347
140950,파워 코스피100,86050.0,-3.2058492688413947,-15.572715020718,481.88,0.7532,0.18,86025.33,165.0,0.14350255
114470,KIWOOM 국고채3년,106975.0,-0.35860655737704916,0.394160589518,481.3875,2.4809,0.08,107011.78,78.0,0.08348735
123310,TIGER 인버스,1111.0,3.3488372093023258,1.898608255725,479.952,0.0,0.06,1112.73,1975002.0,21.70715031
0178H0,IBK 미국AI TOP10국채혼합50,10200.0,0.49261083743842365,1.351485346674,479.4,0.137,0.28,10258.08,13610.0,1.39195382
442260,마이티 다이나믹퀀트액티브,38485.0,-2.073791348600509,-15.788530812962,477.214,0.8843,0.31,38330.12,1068.0,0.4130358
0000Z0,RISE 바이오TOP10액티브,8110.0,-0.061614294516327786,-21.13876153449,474.435,0.0491,0.53,8122.31,66923.0,5.48284677
447430,ACE 주주환원가치주액티브,16620.0,1.7758726270667484,7.192551780568,473.67,3.6117,0.76,16626.96,13674.0,2.24497648
0020H0,KoAct 글로벌양자컴퓨팅액티브,22330.0,-2.701525054466231,-27.093765882629,468.93,0.0,0.58,22703.15,10922.0,2.45860887
305050,ACE 코스피,71860.0,-2.6287262872628725,-13.555836007831,467.09,1.2774,0.05,71598.82,1874.0,1.35208195
0086B0,TIGER 리츠부동산인프라TOP10액티브,9525.0,-0.05246589716684155,2.516400086681,466.725,6.7558,0.12,9558.87,13265.0,1.26008799
453650,KODEX 미국S&P500금융,18270.0,0.054764512595837894,-9.536851062616,456.75,1.3904,0.36,18345.56,21234.0,3.87061749
442090,에셋플러스 코리아대장장이액티브,30425.0,-1.6009055627425615,-8.411419423675,456.375,0.0,1.04,30618.86,276.0,0.0853144
196030,ACE 일본TOPIX레버리지(H),90625.0,-0.7936507936507936,-1.302392658684,453.125,0.452,0.59,90740.4,131.0,0.12015767
200030,KODEX 미국S&P500산업재(합성),39995.0,0.22553564716200977,-17.4359012519,450.74365,0.0,0.33,40120.0,2724.0,1.08543665
473590,ACE 미국주식베스트셀러,19580.0,-2.4657534246575343,-17.367892543247,450.34,0.1198,0.34,19863.27,77953.0,15.33154112
375770,KODEX 탄소효율그린뉴딜,24910.0,-1.9677292404565132,-12.953305301761,448.38,0.7971,0.14,24823.76,97.0,0.0242883
371470,TIGER 차이나바이오테크SOLACTIVE,8470.0,-3.530751708428246,14.225575811835,447.216,0.6861,0.62,8545.06,44337.0,3.7674014
276990,KODEX 글로벌로봇(합성),25155.0,0.29904306220095694,-17.676719440349,445.2435,0.0,0.52,25280.5,3024.0,0.76035024
0141T0,SOL 중기종합채권(AA-이상)액티브,50165.0,-0.2088720907101651,0.55225674485,437.4388,0.0398,0.07,50154.5,2.0,0.0010033
440650,ACE 미국달러단기채권액티브,11455.0,0.3943908851884312,-11.048823338311,435.29,3.2436,0.46,11455.68,48392.0,5.52201135
476260,HANARO 반도체핵심공정주도주,14025.0,-2.2988505747126435,-8.238477388121,434.775,0.0,0.52,13996.34,240745.0,33.99136005
238720,ACE 일본Nikkei225(H),47980.0,0.7983193277310925,-10.475865194684,431.82,0.6514,0.44,47909.99,3709.0,1.78981507
0186S0,1Q 코스닥150채권혼합50액티브,8460.0,1.1356843992827257,-4.442402620883,431.46,0.2373,0.66,8434.29,328336.0,27.86439766
487130,KoAct AI인프라액티브,29740.0,-1.6046319272125724,-11.690887207693,431.23,0.0,0.55,29825.15,12545.0,3.78014704
0089C0,KODEX 미국S&P500변동성확대시커버드콜,11315.0,-0.08830022075055188,-8.310620260009,429.97,2.189,0.54,11380.94,496.0,0.0560015
256750,KODEX 차이나심천ChiNext(합성),13995.0,-6.668889629876626,-31.035078482346,428.10705,0.0,0.54,13963.38,7101.0,0.99775817
491830,TIGER 미국AI반도체팹리스,23025.0,-3.174936921783011,-15.974217144562,425.9625,0.2439,0.57,23501.03,75553.0,17.579106
0132H0,KODEX 미국원자력SMR,7115.0,-6.196440342781806,-30.721006003807,423.3425,0.2117,0.52,7129.77,164245.0,11.69941499
0207G0,SOL 우주항공밸류체인,7295.0,-2.2117962466487935,0.109606653243,423.11,0.0,0.47,7272.98,342406.0,25.48240093
0191M0,마이티 5월만기자동연장특수채(AAA)액티브,100835.0,0.014878000396746678,0.665339761652,417.4569,0.0,0.07,100829.86,7.0,0.0070577
472830,RISE 미국30년국채커버드콜(합성),7505.0,-2.97349709114415,-15.92184677964,416.5275,11.4814,0.32,7522.51,38607.0,2.88720114
0194M0,ACE 삼성전자단일종목레버리지,11495.0,-10.300429184549357,-34.346011829913,413.82,0.0,0.11,11453.74,91020.0,10.9111094
401170,RISE 메타버스,10585.0,1.8768046198267565,-15.399574666468,412.815,0.2977,0.52,10583.61,30791.0,3.266134
0112X0,마이티 200TR,41265.0,-3.236018290538164,-14.701946184089,412.65,0.0,0.09,41158.55,9455.0,3.93146375
100910,KIWOOM KRX100,17185.0,-2.2190611664295874,-16.113336673395,412.44,0.6233,0.26,17177.5,2206.0,0.38057165
472840,IBK 200,109005.0,-3.1109728456513044,-14.700098673577,408.76875,0.7875,0.1,108977.8,827.0,0.9106014
448570,FOCUS AI코리아액티브,30185.0,-0.9678477690288714,-7.012989855369,407.4975,0.9154,0.49,30048.41,70.0,0.0213114
183700,RISE 200채권혼합50,96880.0,-0.8798854102721506,-6.921361231889,406.896,0.8177,0.27,96270.67,2399.0,2.3362499
322410,HANARO K고배당,23000.0,1.5901060070671378,5.002117662027,402.5,3.0527,0.14,23062.41,2654.0,0.6070489
0197W0,SOL SK하이닉스단일종목레버리지,8965.0,-9.352881698685541,-63.441691691501,401.18375,0.0,0.12,8935.51,121912.0,11.1560866
494840,TIGER 미국방산TOP10,11740.0,-0.5506141465480728,-11.941806825625,393.29,1.3391,0.56,11737.21,18889.0,2.20296087
0189B0,TIGER 은액티브,7635.0,-6.146281499692686,-9.956113183772,393.2025,0.0,0.32,7584.93,117064.0,9.00977768
139280,TIGER 경기방어,12210.0,0.7010309278350515,5.196953547894,390.72,1.4565,0.42,12240.4,10755.0,1.3166991
139320,TIGER 금은선물(H),17320.0,-4.070894489061202,1.823075168612,389.7,0.3097,0.75,17835.99,13885.0,2.42938882
275280,KODEX 모멘텀주,43255.0,-2.78682998089673,-16.41523917307,389.295,0.4362,0.35,43165.0,1419.0,0.61605795
469050,RISE 미국반도체NYSE(H),33685.0,-1.7786849394955533,-12.716301725205,387.3775,0.4067,0.17,34413.98,16364.0,5.59189835
428510,KODEX 차이나AI테크액티브,22650.0,-4.931794333683106,-32.88303185556,385.05,0.3028,0.66,22638.9,8218.0,1.87182081
0007G0,PLUS 글로벌원자력밸류체인,12275.0,-5.394990366088632,-21.633456347033,374.3875,0.3603,0.49,12334.96,6671.0,0.8220316
352540,KODEX 일본부동산리츠(H),10940.0,-0.22799817601459188,-0.765145711697,371.96,6.7214,0.43,10940.92,5497.0,0.60073472
195930,TIGER 유로스탁스50(합성 H),22960.0,-0.5845421086815328,0.199982003671,367.36,0.1719,0.32,23192.95,18684.0,4.32369928
0192L0,RISE SK하이닉스단일종목레버리지,9295.0,-9.53771289537713,-62.360884355752,367.1525,0.0,0.11,9271.57,26411.0,2.48111931
147970,TIGER 모멘텀,79805.0,0.18202360030128045,-16.206448157918,367.103,1.0901,0.34,79941.43,1451.0,1.16270956
449690,TIGER 한중반도체(합성),48707.0,-4.2802397563132555,-26.846851556853,365.3025,0.0257,0.4,48365.46,28.0,0.01386316
365000,TIGER 인터넷TOP10,3595.0,3.3045977011494254,-12.407415787461,363.095,0.7176,0.44,3594.53,139700.0,5.07042403
0234N0,KIWOOM 삼성SK그룹TOP4+,10355.0,-4.075961093098657,,362.425,0.0,0.0,10349.35,210012.0,21.87813889
450910,SOL 코스닥150,13830.0,-0.10834236186348863,-10.744005190436,362.346,0.2161,0.19,13882.75,11448.0,1.5990303
276650,RISE 글로벌테크놀로지(합성 H),48195.0,-0.6288659793814433,0.749351348002,361.4625,1.3331,0.52,48189.7,901.0,0.4345442
475270,ACE 5월만기자동연장회사채AA-이상액티브,10735.0,0.0,0.704160650903,360.696,1.1451,0.08,10740.39,1016.0,0.1090682
494410,PLUS 미국S&P500성장주,14355.0,-1.4756348661633494,-7.342052899127,358.875,0.5202,0.11,14439.6,94941.0,13.52124175
400970,TIGER Fn메타버스,7165.0,1.7755681818181819,-14.980958349677,358.25,0.567,0.51,7171.77,12642.0,0.90149815
104530,KIWOOM 코리아고배당,17385.0,2.0246478873239435,2.107348722446,356.3925,4.7727,0.24,17364.34,13753.0,2.38105286
0023B0,PLUS 미국양자컴퓨팅TOP10,16425.0,-2.896837126810523,-21.548822996377,353.1375,0.408,0.57,16694.67,25897.0,4.27580951
0100K0,KODEX 방산TOP10레버리지,5855.0,0.9482758620689655,-36.666099359309,351.3,0.0,0.71,5820.7,513894.0,30.20873767
407830,에셋플러스 글로벌플랫폼액티브,14625.0,-1.5483002356109055,-12.370276831131,351.0,0.0,1.11,14804.37,841.0,0.12428735
0085N0,ACE 미국10년국채액티브(H),9480.0,-1.6597510373443984,-1.96807944397,350.76,3.799,0.22,9500.58,55934.0,5.3039448
276970,KODEX 미국S&P500배당귀족커버드콜(합성 H),7425.0,-1.6556291390728477,2.61201071395,348.975,6.1487,0.37,7479.53,35585.0,2.64955632
241390,RISE V&S셀렉트밸류채권혼합,15855.0,-0.2516514627241271,-1.681902345693,348.81,2.3983,0.41,15725.22,5381.0,0.850724
464470,PLUS 미국채30년액티브,45475.0,-3.017701002345916,-15.426911430542,347.429,2.7018,0.23,45498.03,14341.0,6.49725545
266360,KODEX K콘텐츠,9380.0,2.2900763358778624,-6.680263495799,347.06,0.3475,0.47,9368.33,7984.0,0.74651395
0184E0,1Q 200채권혼합50액티브,11090.0,-1.5971606033717836,-6.076411095119,343.79,0.2662,0.43,11104.32,106009.0,11.82804633
385520,KODEX 자율주행액티브,15860.0,0.6664550936210727,-12.056155609158,340.99,0.8605,0.56,15959.9,8128.0,1.29682126
117460,KODEX 에너지화학,14325.0,4.143947655398037,3.891579902215,340.935,0.5528,0.46,14310.2,81074.0,11.56617141
261250,KODEX 미국달러선물레버리지,15540.0,0.8436080467229072,-21.724134811765,340.326,0.8736,0.48,15554.22,74410.0,11.49872034
0154F0,WON 초대형IB&금융지주,12370.0,1.3934426229508197,2.548516431393,340.175,2.1167,0.34,12404.43,8519.0,1.05118605
474800,KIWOOM 미국원유에너지기업,15460.0,2.1810971579643095,0.471267788842,340.12,1.7722,0.92,15390.35,51561.0,7.92450853
491090,KODEX 미국테크TOP3플러스,18350.0,-0.7034632034632035,-2.984661907708,339.475,0.287,0.38,18447.91,13033.0,2.38803955
0083S0,1Q 미국메디컬AI,12100.0,1.001669449081803,15.398050304928,338.8,0.2587,0.56,12213.03,56910.0,6.89108069
380340,ACE 코리아AI테크핵심산업,28195.0,1.0211393765675385,-17.126507811415,338.34,0.2677,0.43,28098.43,6787.0,1.93573575
452250,ACE 미국30년국채선물레버리지(합성 H),4345.0,-6.9593147751606,-10.050148555902,336.7375,2.1649,0.32,4356.42,100157.0,4.33171767
449780,KIWOOM 미국S&P500(H),18695.0,-0.7959671000265323,3.110120937866,336.51,0.9509,0.26,18773.51,10009.0,1.8740317
0204S0,TIGER 코스닥액티브,7595.0,-0.262639527248851,-8.123806050851,336.4585,0.0,0.51,7590.09,146898.0,11.22778667
498860,RISE 코리아금융고배당,16645.0,0.7871631849833485,-2.496581126123,332.9,3.5987,0.17,16621.6,11508.0,1.90119079
459560,KODEX 테슬라밸류체인FactSet,22110.0,0.022619316896629722,-20.431954971179,331.65,0.6374,0.29,22307.67,2619.0,0.58181325
138910,KODEX 구리선물(H),10050.0,-1.999024865919064,4.718205714704,331.65,0.0,0.74,10053.62,13434.0,1.35288807
099140,KODEX 차이나H,20610.0,0.1457725947521866,-5.905150969725,329.76,2.8138,0.24,20557.74,94676.0,19.3432
105780,RISE 5대그룹주,16410.0,-2.234137622877569,-19.008888171598,328.2,0.5946,0.45,16514.33,2214.0,0.3671615
0138T0,RISE 미국S&P500데일리고정커버드콜,9330.0,-0.21390374331550802,-8.366046972441,326.55,11.1924,0.46,9386.18,17159.0,1.59741153
475070,KoAct 글로벌친환경전력인프라액티브,29660.0,-1.6904209479615513,-27.64344544528,326.26,0.0,0.57,29951.13,4115.0,1.22561527
0089B0,PLUS 미국나스닥100미국채혼합50,11235.0,-0.1776988005330964,-10.661589910041,325.815,1.0471,0.33,11285.85,12634.0,1.41812285
122260,KIWOOM 통안채1년,104200.0,-0.03837298541826554,0.563872318902,323.02,2.8287,0.08,104187.85,8569.0,8.93006405
322400,HANARO e커머스,9685.0,1.5731515469323545,-8.482060770446,319.605,1.465,0.52,9648.28,1082.0,0.10465485
261140,TIGER 우선주,24810.0,-0.6407689227072487,-6.338287077221,317.568,1.6909,0.32,24832.51,15647.0,3.88989187
465350,RISE 2차전지TOP10인버스(합성),15830.0,-2.8834355828220857,-10.734977500384,316.6,2.1849,0.57,15896.67,43112.0,6.84071272
139270,TIGER 200 금융,17190.0,1.2367491166077738,3.062581679357,316.296,2.4633,0.44,17221.8,10986.0,1.8835451
217770,TIGER 원유선물인버스(H),1082.0,-4.41696113074205,-27.507965127796,315.403,1.783,0.75,1083.92,845646.0,9.17580927
156080,KODEX MSCI Korea,52490.0,-3.3333333333333335,-14.424490428631,314.94,0.7333,0.13,52302.1,1332.0,0.70372612
275290,KODEX 가치주,34980.0,-2.372313703600335,-11.677651792537,314.82,0.8465,0.35,34950.55,8395.0,2.9786911
446690,KODEX 아시아AI반도체exChina액티브,62420.0,0.4263534711608077,-27.445123005291,312.1,0.4542,0.63,62386.13,4457.0,2.78605035
252710,TIGER 200선물인버스2X,79.0,6.756756756756757,-8.032278088144,311.892,0.0,0.14,79.18,125208994.0,96.31228251
494340,ACE 글로벌AI맞춤형반도체,20735.0,-3.5132619823173568,-26.5826579992,311.025,0.1211,0.59,21286.66,13214.0,2.78389789
395290,HANARO Fn K-POP&미디어,4895.0,0.9278350515463918,-8.171736501206,310.8325,0.0,0.52,4898.6,38759.0,1.90349445
0218J0,RISE 미국우주&로봇TOP2미국채혼합50,9125.0,-0.65323897659227,,310.25,0.0,0.15,9102.08,72944.0,6.65191113
0150K0,KoAct 수소전력ESS인프라액티브,11060.0,0.9584664536741214,3.20987142421,309.68,0.0,0.54,11056.21,22111.0,2.47105263
395170,KODEX Top10동일가중,15460.0,-1.277139208173691,-22.954167941,309.2,1.039,0.21,15406.46,1648.0,0.25461625
459750,RISE 글로벌주식분산액티브,17665.0,-0.11309018942606729,-9.596391828396,309.1375,1.8075,0.29,17675.13,15380.0,2.700652
352560,KODEX 미국부동산리츠(H),11600.0,-2.4390243902439024,-2.88657081154,307.4,3.4347,0.25,11623.04,6190.0,0.71887671
465660,TIGER 일본반도체FACTSET,24425.0,1.1387163561076605,-30.92471754682,305.3125,0.9334,0.63,24529.5,21405.0,5.26860577
426150,WON 대한민국국고채액티브,50700.0,-0.7439310884886453,-1.084338837757,305.214,1.3992,0.09,50828.11,51.0,0.02586805
153270,KIWOOM 코스피100,84405.0,-2.770418154590485,-15.723007192371,303.858,0.7113,0.23,84280.05,1034.0,0.87726937
227540,TIGER 200 헬스케어,18275.0,0.19188596491228072,7.588479222679,303.365,0.4939,0.44,18272.08,14547.0,2.6544216
469790,KIWOOM 코리아테크TOP10,43315.0,-3.2715497990174183,-15.798938363176,303.205,0.4024,0.51,43586.79,587.0,0.2572294
174360,RISE 중국본토대형주CSI100,21595.0,-3.8298819861946116,-20.175500906471,302.33,1.1454,0.88,21672.12,3189.0,0.69449095
476690,TIGER 글로벌비만치료제TOP2Plus,10075.0,0.19890601690701143,-10.000448084806,302.25,1.6245,0.52,10123.27,2880.0,0.28951015
248270,TIGER S&P글로벌헬스케어(합성),26020.0,0.5798221878623888,-1.922295215511,301.832,0.273,0.46,26116.12,3575.0,0.92884352
387270,TIGER 글로벌이노베이션액티브,26010.0,-0.7062416491696889,-16.086301707893,301.716,0.381,0.59,26268.61,1636.0,0.4253626
0166N0,PLUS 코스닥150액티브,8570.0,0.8235294117647058,-3.871432267191,299.95,0.0585,0.64,8576.18,59655.0,5.14164658
0192T0,SOL 코스닥TOP10,6975.0,2.12298682284041,-16.422483739387,299.925,0.0,0.17,6961.48,737759.0,51.80351653
459790,KIWOOM 미국성장기업30액티브,20670.0,-1.781895937277263,-16.573127414254,299.715,0.3808,0.84,20846.09,71.0,0.0147132
117680,KODEX 철강,12220.0,-0.28559771521827826,6.840256927906,299.39,1.9597,0.46,12248.8,22634.0,2.77190577
245350,TIGER 유로스탁스배당30,18620.0,-1.4032300767805137,-7.303395085695,297.92,4.0335,0.45,18696.48,3881.0,0.72025157
261060,TIGER 코스닥150IT,26125.0,-1.859504132231405,-2.676398402803,297.825,0.0376,0.43,26089.98,15601.0,4.1311522
0155N0,HANARO K휴머노이드테마TOP10,7595.0,-1.4915693904020753,-6.954431521652,296.205,0.0,0.49,7582.11,12234.0,0.93565033
192720,파워 고배당저변동성,58055.0,2.128595303016976,4.272314396236,296.0805,2.6098,0.25,58210.52,2404.0,1.39084425
145850,TREX 펀더멘탈 200,117995.0,-0.7986884694606751,-5.027322616849,294.9875,1.6122,0.44,117788.42,1.0,0.00117995
464920,PLUS 일본반도체소부장,24480.0,3.5314019877352507,-28.630336106617,293.76,0.9528,0.71,23583.84,14008.0,3.37821119
468630,KODEX iShares미국투자등급회사채액티브,10400.0,-1.7941454202077431,-13.646857860655,292.24,4.7058,0.15,10451.08,37330.0,3.87076074
450190,KODEX 한중반도체(합성),48690.0,-4.930196231572781,-26.75378808359,292.14,0.0,0.3,48764.89,23.0,0.01134735
256440,ACE MSCI인도네시아(합성),4780.0,-2.7466937945066126,-13.905832865539,291.58,0.8529,0.79,4812.32,64353.0,3.09386875
253250,KIWOOM 200선물레버리지,100005.0,-6.309724564362001,-38.022565969009,290.0145,0.3233,0.49,99701.79,3178.0,3.2015491
415920,PLUS 글로벌희토류&전략자원생산기업,6165.0,-7.362885048835462,-36.035082517097,289.755,1.0745,0.65,6070.65,106122.0,6.54168772
0192M0,RISE 삼성전자단일종목레버리지,11645.0,-10.285053929121725,-33.716096891138,288.21375,0.0,0.11,11540.02,33941.0,4.0592147
496770,PLUS 글로벌방산,15975.0,-0.4982871379632513,-10.987615098653,287.55,1.1173,0.56,16033.0,13521.0,2.15275305
489290,WON 미국빌리어네어,14825.0,-1.0677344010677343,-5.514351041327,281.675,0.0,0.69,14936.96,1998.0,0.29609395
0223R0,TIGER 미국테크NYSE100액티브,9645.0,-1.83206106870229,,280.6695,0.0,0.81,9833.41,40004.0,3.88552047
0155M0,ACE 미국SMR원자력TOP10,6205.0,-4.758250191864927,-27.391806001107,279.225,0.0,0.51,6246.13,44139.0,2.74075858
223190,KODEX 200가치저변동,27890.0,0.053811659192825115,-4.275977376543,278.9,1.3893,0.35,27845.04,2082.0,0.5800128
476070,KODEX 글로벌비만치료제TOP2 Plus,10500.0,-1.4547160957297043,-8.349032647067,278.25,1.5888,0.57,10521.02,27886.0,2.93190125
0013R0,RISE 테슬라미국채타겟커버드콜혼합(합성),7695.0,-1.7868538608806637,-15.490077169081,277.02,17.9449,0.34,7635.66,19020.0,1.45518378
289480,TIGER 200커버드콜,13190.0,-1.198501872659176,16.498546973517,276.99,6.6619,0.42,13182.78,22158.0,2.93259613
0107F0,KIWOOM 미국고배당&AI테크,10990.0,-0.9017132551848512,-10.215465862667,274.75,3.2481,0.65,11079.86,6069.0,0.66712914
271060,KODEX 3대농산물선물(H),8885.0,-1.0027855153203342,18.239101302997,274.5465,0.0,0.6,8909.05,43472.0,3.87004479
415340,KODEX 차이나과창판STAR50(합성),13260.0,-6.223479490806223,-23.608796125508,274.482,0.0,0.15,13282.52,42231.0,5.72040206
0224X0,1Q 엔비디아알파벳미국채혼합50,9660.0,-1.2269938650306749,,270.48,0.1231,0.46,9690.83,60902.0,5.87208207
0049K0,ACE 미국배당퀄리티채권혼합50,10995.0,-0.1362397820163488,-4.418137282427,269.3775,2.1891,0.43,11015.22,6302.0,0.69353855
0137W0,KIWOOM 미국S&P500&GOLD,10225.0,-0.43816942551119764,-7.987223945965,265.85,0.4935,0.3,10325.88,8432.0,0.86372385
437350,RISE 미국단기투자등급회사채액티브,11900.0,0.042034468263976464,-11.948161159223,261.8,2.2827,0.19,11896.21,6938.0,0.8220546
277540,ACE 아시아TOP50,32655.0,-0.10706638115631692,-11.470281683104,261.24,2.0157,1.0,32513.11,6752.0,2.186205
0203S0,WON 삼성전자현대차채권혼합50,8545.0,-0.984936268829664,-8.176471526029,260.6225,0.0,0.19,8530.96,17749.0,1.52250272
167860,KIWOOM 국고채10년레버리지,89525.0,-2.313274046592831,-1.540021865895,259.6225,3.9458,0.33,89508.74,15.0,0.01342805
440340,TIGER 글로벌멀티에셋TIF액티브,11520.0,-0.8179078777442962,-11.723923877614,259.2,4.0908,0.67,11615.76,11495.0,1.32496395
139250,TIGER 200 에너지화학,18245.0,1.9558535903883767,1.227492261168,259.079,0.5032,0.44,18224.15,57693.0,10.55600186
475380,RISE 글로벌리얼티인컴,9750.0,-1.9607843137254901,-13.493416279668,258.375,4.0323,0.1,9753.96,11584.0,1.12870818
0047R0,RISE 팔란티어고정테크100,15595.0,0.28938906752411575,2.798344955869,257.3175,0.3072,0.31,15720.37,5122.0,0.7980981
493420,SOL 미국배당다우존스2호,12225.0,-0.36674816625916873,-6.086756003988,256.725,3.0395,0.09,12185.15,6875.0,0.8344579
483570,KCGI 미국S&P500 TOP10,15960.0,-0.5607476635514018,-3.342595148613,255.36,0.0,0.44,16089.09,1537.0,0.24554675
481340,RISE 미국30년국채액티브,8080.0,-3.9239001189060643,-15.800155940639,254.52,5.1263,0.14,8097.91,160422.0,12.92172317
0152E0,SOL 배당성향탑픽액티브,10765.0,0.9376465072667605,-2.041807306832,252.9775,3.4764,0.34,10817.51,9577.0,1.03005682
0115C0,RISE 미국고배당다우존스TOP10,10670.0,-0.18709073900841908,-7.630937618255,250.745,3.1774,0.29,10672.01,6365.0,0.67663163
496120,ACE 코리아밸류업,33420.0,-1.6335540838852096,-12.988260334573,250.65,0.8437,0.17,33366.0,210.0,0.0705534
245360,TIGER 차이나HSCEI,11930.0,0.08389261744966443,-5.89724187657,250.53,1.8622,0.58,11874.06,17637.0,2.08609125
0209Z0,ACE 코리아AI전력TOP10,7130.0,-1.178101178101178,-16.632121417609,249.55,0.0,0.4,7117.01,79876.0,5.74293056
292500,SOL KRX300,49635.0,-2.158486102897694,-14.552780530001,248.175,0.6723,0.09,49431.35,12.0,0.0060659
0164G0,RISE 차이나AI반도체TOP4Plus,11745.0,-6.526064464783127,-30.512606403025,246.645,0.0,0.57,11676.54,12720.0,1.49758034
0097L0,KIWOOM 한국고배당&미국AI테크,12575.0,0.8824709185720016,-2.082725580548,245.2125,3.7963,0.57,12666.99,6749.0,0.84576634
295020,RISE 국채선물10년인버스,61615.0,1.315464934637836,1.563031562806,243.9954,1.1489,0.1,61575.22,26.0,0.01600945
368190,HANARO Fn K-뉴딜디지털플러스,7620.0,1.5323117921385743,-0.556764273582,243.84,0.0,0.52,7613.65,1635.0,0.1242228
159800,마이티 코스피100,86850.0,-3.220414530866949,-15.715734728561,243.18,0.8132,0.39,86806.83,138.0,0.1202497
292160,TIGER KRX300,48610.0,-2.477680810512589,-14.482478363611,243.05,0.8987,0.12,48515.98,3894.0,1.9014534
0238C0,IBK 한미대표기업TOP2+채권혼합50액티브,10105.0,-1.2218963831867058,,242.52,0.0,0.0,10104.24,1393.0,0.14196165
414270,ACE 글로벌자율주행액티브,11500.0,-1.0327022375215147,-18.904696763655,241.5,0.4982,0.44,11485.27,2869.0,0.32890864
367740,HANARO Fn5G산업,43750.0,-0.432407828857533,-7.851768049963,240.625,0.3619,0.52,43574.7,755.0,0.33333925
479850,HANARO K-뷰티,17750.0,0.8809320829781188,23.913679621122,239.625,0.226,0.52,17723.82,21274.0,3.77648244
0093D0,KoAct 팔란티어밸류체인액티브,18405.0,-0.1898047722342733,-16.95466018863,239.265,0.0,0.59,18599.11,4843.0,0.8913436
185680,KODEX 미국S&P바이오(합성),44535.0,-4.400558119566384,-2.39850890006,236.9262,0.0,0.33,45054.25,15015.0,6.6887083
364690,KODEX 혁신기술테마액티브,39305.0,-1.6514450143875892,-16.982220373038,235.83,0.4808,0.31,39209.1,191.0,0.07517985
195970,PLUS 선진국MSCI(합성 H),16115.0,-0.5553841406973157,-0.039167966631,235.279,0.0308,0.55,16130.88,10393.0,1.6819706
442550,RISE TDF2030액티브 적격,14675.0,-0.7104194857916103,-5.252935613186,234.8,1.222,0.12,14615.39,8723.0,1.27983748
0198D0,1Q SK하이닉스선물단일종목레버리지,9505.0,-9.51927653498334,-63.382920255154,234.7735,0.0,0.11,9456.53,55183.0,5.4068481
0177A0,WON 두산그룹포커스,9335.0,-2.9121164846593866,-8.060279857931,233.375,0.0,0.36,9358.07,59683.0,5.68018766
0103T0,1Q K소버린AI,8185.0,0.2449479485609308,-0.610466532968,233.2725,1.0546,0.56,8217.99,30015.0,2.47252467
138230,KIWOOM 미국달러선물,15985.0,0.5978602894902454,-11.055380328036,231.7825,1.1283,0.4,16002.91,3619.0,0.57819939
388280,RISE K엔터&여행레저,7060.0,1.5827338129496402,-13.012781421479,230.156,1.4307,0.52,7034.57,1926.0,0.13511855
0206G0,1Q 현대차기아채권혼합50,7795.0,0.5806451612903226,-11.263902193353,229.9525,0.0,0.12,7813.2,243826.0,19.05296252
0047P0,RISE 테슬라고정테크100,14665.0,-0.8786752281176073,-9.192719423844,227.3075,0.3296,0.31,14807.9,4723.0,0.6926253
300950,KODEX 게임산업,5370.0,1.7045454545454546,-5.582859842706,225.54,0.0757,0.51,5367.0,21126.0,1.12899216
0239Z0,PLUS AI반도체소부장액티브,11195.0,-2.1416083916083917,,223.9,0.0,0.0,11228.65,235180.0,26.64581015
280930,KODEX 미국러셀2000(H),15930.0,-2.329858982219497,-4.157553334587,223.02,0.2451,0.55,16026.59,5679.0,0.9058083
0127R0,RISE 미국AI클라우드인프라,16465.0,-3.7978381536663743,-25.429990705996,222.2775,0.053,0.49,16838.75,7918.0,1.31096555
419430,KODEX 차이나2차전지MSCI(합성),7935.0,-4.799040191961607,-33.076148437115,222.18,0.0,0.32,7916.6,4333.0,0.34603312
376410,TIGER 탄소효율그린뉴딜,24590.0,-2.0903842325303605,-12.682550784555,221.31,0.7813,0.14,24572.6,273.0,0.06755735
375760,HANARO 탄소효율그린뉴딜,24580.0,-1.245480112494978,-13.057234807759,221.22,0.676,0.27,24483.14,226.0,0.05567735
225130,ACE 골드선물 레버리지(합성 H),44035.0,-6.29854239812746,3.617503410491,220.175,1.0647,0.59,43468.18,5502.0,2.45724095
239660,PLUS 우량회사채50,121690.0,-0.10261462053113328,0.66764284897,219.042,1.1601,0.17,121681.94,1249.0,1.52020832
411540,SOL 200 Top10,16800.0,-0.0594883997620464,-15.841336504773,218.4,0.5742,0.2,16742.77,26698.0,4.4862812
108590,TREX 200,109170.0,-3.1794598909139284,-14.7760624869,218.34,0.7801,0.35,109108.08,28.0,0.03089915
0186L0,KoAct 미국로봇피지컬AI액티브,9485.0,-0.4199475065616798,-24.546757044083,218.155,0.0,0.55,9598.87,10757.0,1.02185775
261120,TIGER 미국달러선물인버스2X,5435.0,-0.730593607305936,27.892080109691,217.4,1.0233,0.09,5435.55,608.0,0.03322145
461450,KODEX 코스닥글로벌,15390.0,0.22793878215564964,-9.241188092257,215.46,0.2419,0.12,15333.4,5760.0,0.89050724
447660,PLUS 애플채권혼합,13890.0,0.18031013342949873,0.875887874077,215.295,0.6108,0.35,13919.7,16093.0,2.2327091
0026E0,KODEX 미국S&P500버퍼3월액티브,11625.0,0.6057983556901774,-8.240251827782,215.0625,0.7117,0.53,11695.87,153.0,0.0176996
433220,에셋플러스 글로벌대장장이액티브,28920.0,-1.766304347826087,-20.018555411579,214.008,0.0,1.26,29152.49,716.0,0.2077149
269420,KODEX S&P글로벌인프라(합성),20725.0,-1.66073546856465,-16.344242027045,213.882,0.1753,0.33,20839.05,5161.0,1.06925727
461600,SOL 미국30년국채액티브(H),8015.0,-3.6658653846153846,-4.392080858071,212.3975,2.4557,0.09,8007.08,18813.0,1.50827791
464600,SOL 자동차소부장Fn,23295.0,2.126260412099956,-17.26996361896,209.655,0.5901,0.52,23218.78,7066.0,1.65117954
300640,RISE 게임테마,6445.0,2.3828435266084194,-0.697049670331,209.4625,0.4919,0.36,6418.49,4645.0,0.2961018
337120,KODEX 멀티팩터,34880.0,-2.008709088355106,-14.391974989466,209.28,0.8032,0.36,34678.4,14.0,0.0049037
204450,KODEX 차이나H레버리지(H),2175.0,-1.8058690744920993,8.400941410585,208.8,0.0,0.79,2192.0,43188.0,0.93871195
0192S0,SOL 코스피200채권혼합50,9485.0,-1.4033264033264032,-7.239541429222,208.67,0.3729,0.17,9482.42,144499.0,13.8379613
469160,ACE 일본반도체,24410.0,0.909466721785862,-32.895647569084,207.485,0.9717,0.66,24522.64,50588.0,12.38055569
226980,KODEX 200 중소형,23050.0,0.5671902268760908,-1.286159043819,207.45,1.7692,0.33,23052.48,1762.0,0.40602125
371450,TIGER 글로벌클라우드컴퓨팅INDXX,13600.0,-2.193455591513844,16.343318459685,206.72,0.3378,0.57,13678.27,15454.0,2.10350025
471460,KIWOOM 국고채30년액티브,44920.0,-1.4371914426769061,-3.378803597163,206.632,3.0992,0.06,44879.01,837.0,0.37472715
0231Z0,KODEX 코리아TDF2065액티브 적격,10320.0,-1.761066158971918,,206.4,0.0,0.27,10314.53,207619.0,21.42435674
253290,RISE 헬스케어채권혼합,11455.0,0.4824561403508772,-2.280922832905,206.19,0.8749,0.42,11465.99,6418.0,0.73508026
0190M0,KIWOOM 미국AI테크하이베타,8580.0,-3.269447576099211,-30.728028318167,205.92,0.0,0.65,8821.1,10640.0,0.92609187
0239Y0,PLUS 코리아HBM반도체,10255.0,-3.708920187793427,,205.1,0.0,0.0,10243.37,264608.0,27.60633141
477730,KODEX 인도타타그룹,6945.0,-1.6288951841359773,-15.714821121208,204.8775,1.6406,0.54,6951.1,4217.0,0.29376927
364990,TIGER 게임TOP10,4500.0,1.3513513513513513,-7.564644117942,204.75,1.015,0.44,4520.27,33984.0,1.52777084
091220,TIGER 은행,17340.0,1.462843768285547,13.071703908743,204.612,3.2166,0.48,17452.26,23148.0,4.01300665
289040,KODEX MSCI KOREA ESG유니버설,33930.0,-1.8087107509767038,-12.323318011646,203.58,0.5848,0.35,33918.42,31.0,0.01056095
152380,KODEX 국채선물10년,64015.0,-1.1885467314964884,-0.500485220702,203.5677,1.1553,0.09,64050.97,858.0,0.54932405
417630,TIGER KEDI혁신기업ESG30,19290.0,0.2077922077922078,-5.559227487035,202.545,0.234,0.58,19268.25,378.0,0.07298957
289250,TIGER MSCI KOREA ESG유니버설,35455.0,-1.813901966214345,-13.285096188273,202.0935,0.3918,0.46,35280.71,16.0,0.00575165
489000,PLUS 일본엔화초단기국채(합성),9165.0,0.5485463521667581,-9.387459728693,201.63,1.3164,0.22,9159.76,216190.0,19.7113833
0241R0,TIGER 현대차LG전자고정피지컬AI밸류체인,10040.0,1.8255578093306288,,200.8,0.0,0.0,10055.39,462081.0,46.56401665
304770,HANARO 코스닥150,14115.0,-0.24734982332155478,-10.769208513185,200.433,0.0705,0.24,14188.36,9349.0,1.33511867
404120,TIME K신재생에너지액티브,25050.0,1.6845950882890197,-12.308526299239,200.4,0.0,0.95,24995.93,614.0,0.1535053
463300,RISE 중국본토CSI300,12415.0,-3.309968847352025,-18.635584779122,198.64,2.4461,0.23,12442.43,1262.0,0.15807619
437070,KODEX 아시아달러채권ESG플러스액티브,57245.0,-0.5299739357080799,-12.847452048155,198.0677,5.0455,0.23,57264.98,713.0,0.40726245
0153X0,PLUS 미국고배당주액티브,10695.0,-1.018047200370199,-4.101365919453,197.8575,3.0536,0.33,10683.24,20241.0,2.15057817
284980,RISE 200금융,22985.0,2.1782618359635473,3.112383370511,197.671,3.0575,0.23,22904.93,2017.0,0.45820012
465670,TIGER 미국캐시카우100,15800.0,-0.47244094488188976,0.152332490208,197.5,1.5521,0.46,15846.22,76420.0,11.94251421
0067V0,TIGER 차이나글로벌리더스TOP3+,8960.0,-2.661596958174905,-19.906928909631,197.12,1.5519,0.63,9046.4,7625.0,0.6866325
456680,TIGER 차이나전기차레버리지(합성),4825.0,-5.76171875,-51.745947353127,196.86,1.7216,0.61,4835.71,30762.0,1.48579975
379790,RISE 유로스탁스50(H),17055.0,-0.2047981275599766,-0.060823471079,196.1325,3.9994,0.55,17118.05,11934.0,2.03459645
438320,TIGER 차이나항셍테크레버리지(합성 H),4525.0,-5.82726326742976,-7.836539467181,195.48,1.0314,0.69,4554.73,58857.0,2.68149775
169950,KODEX 차이나A50,24020.0,-3.92,-17.209659297655,192.16,1.0132,0.33,24150.66,668.0,0.16139695
404260,KODEX 기후변화솔루션,23995.0,0.92534174553102,-9.979237587792,191.96,0.8311,0.14,24135.88,464.0,0.1123673
304760,HANARO KRX300,47805.0,-2.079065956575174,-14.475565977518,191.22,0.7841,0.13,47576.95,70.0,0.03357835
461910,PLUS 미국테크TOP10레버리지(합성),38170.0,-1.1396011396011396,-4.980746113858,190.85,0.9044,0.58,38732.28,684.0,0.2615028
416090,ACE 중국과창판STAR50,11910.0,-6.441476826394344,-24.585484697431,190.56,0.0625,0.85,11976.84,12553.0,1.52221077
487950,KODEX 대만테크고배당다우존스,13090.0,-0.22865853658536586,-12.945068653405,189.805,6.2017,0.62,13067.84,4268.0,0.55814645
228820,TIGER KTOP30,18930.0,-1.354872329338197,-10.893839797298,189.3,0.7424,0.28,18853.2,1935.0,0.36755775
497780,KoAct 미국천연가스인프라액티브,9935.0,-0.5007511266900351,-14.418778208462,188.765,5.1337,0.59,9905.81,49239.0,4.86848651
0104P0,TIGER 코리아배당다우존스위클리커버드콜,11035.0,1.471264367816092,4.413928346712,187.595,10.7692,0.29,11068.8,11880.0,1.30464598
183710,RISE 주식혼합,93705.0,-1.884718077587561,-10.857381888476,187.41,0.7319,0.34,93593.23,428.0,0.40250685
229720,KODEX KTOP30,37480.0,-1.4203051025775908,-11.289496090194,187.4,0.8331,0.28,37359.12,1551.0,0.58615435
445910,TIGER MKF배당귀족,20655.0,1.25,2.144155270244,185.895,1.9379,0.26,20710.44,8564.0,1.76561772
381560,HANARO Fn전기&수소차,17575.0,3.0791788856304985,-11.459825127874,184.5375,0.5252,0.52,17515.94,1575.0,0.27530552
0144M0,KODEX 미국드론UAM TOP10,6690.0,-0.6681514476614699,-24.916548508541,183.975,0.0889,0.56,6756.8,13697.0,0.91811141
461900,PLUS 미국테크TOP10,22955.0,-0.15224010439321445,-1.291236926998,183.64,0.0649,0.11,23112.08,1259.0,0.28916557
213630,PLUS 미국다우존스고배당주(합성 H),19940.0,-1.894218942189422,1.26623102685,183.448,0.9219,0.48,20092.07,13462.0,2.69011795
276000,TIGER 글로벌자원생산기업(합성 H),20375.0,-2.511961722488038,8.074002879926,183.375,0.1103,0.49,20478.1,10922.0,2.22795315
445690,BNK 주주가치액티브,30535.0,-1.452315636598354,-7.69679087468,183.21,0.0,0.56,30433.46,153.0,0.0467876
0223A0,RISE 코스닥커버드콜액티브,11415.0,-0.5662020905923345,,182.64,1.9094,0.31,11300.25,268505.0,30.62230533
0018Z0,RISE 미국양자컴퓨팅,18140.0,-1.4933478142818355,-18.300076795637,181.4,0.5014,0.55,18353.51,4998.0,0.90989049
407310,HANARO 200 TOP10,16450.0,-0.12143290831815422,-15.80647029625,180.95,0.8465,0.22,16391.67,3827.0,0.6302101
227830,PLUS 코스피,71675.0,-1.3284691629955947,-13.553677090786,179.1875,0.839,0.23,71314.36,60.0,0.04314465
449580,RISE 테슬라애플아마존채권혼합,16170.0,-0.7061713233036536,-2.483879413922,177.87,2.0031,0.34,16195.86,2686.0,0.43469905
195920,TIGER 일본TOPIX(합성 H),35425.0,0.15549901046084252,-0.315945984494,177.125,0.1418,0.29,35438.0,3239.0,1.14720642
385600,ACE 2차전지&친환경차액티브,11745.0,1.9088937093275489,-10.188148932983,176.175,1.0385,0.36,11772.54,2842.0,0.3342338
225060,TIGER 이머징마켓MSCI레버리지(합성 H),16525.0,-3.2777290020485808,-8.22397326809,175.165,0.6768,0.64,16531.15,194.0,0.03215085
0065G0,KODEX 차이나테크TOP10,8140.0,-1.9867549668874172,-11.740267226649,175.01,0.9404,0.53,8193.56,4088.0,0.33266462
292050,RISE KRX300,49920.0,-2.2613803230543317,-14.594195305424,174.72,0.8382,0.09,49702.91,62.0,0.03122445
289260,TIGER MSCI KOREA ESG리더스,29105.0,-1.3389830508474576,-15.010653015168,174.63,0.2191,0.45,29089.88,308.0,0.0897543
391670,HK 베스트일레븐액티브,29065.0,-3.1166666666666667,-18.552759204861,174.39,1.0126,0.34,29016.62,77.0,0.0224581
0086C0,TIGER 리츠부동산인프라10채권혼합액티브,9825.0,-0.30441400304414,1.51345234023,171.9375,3.4062,0.21,9847.81,6247.0,0.61379767
0105D0,SOL 한국AI소프트웨어,9035.0,0.5005561735261401,-4.584332325854,171.665,0.6551,0.53,9075.48,41196.0,3.74327905
0203R0,WON 중단기종합채권(A-이상)액티브,50400.0,0.0,0.629924149979,171.36,0.0,0.1,50414.34,0.0,0.0
468370,KODEX iShares미국인플레이션국채액티브,10235.0,-0.9196515004840271,-12.926789130796,170.9245,4.6783,0.12,10270.71,13133.0,1.3398743
0198B0,1Q 삼성전자선물단일종목레버리지,11865.0,-10.452830188679245,-34.70512950577,169.6695,0.0,0.11,11787.16,130101.0,15.91837795
460660,RISE 미국S&P배당킹,11230.0,-1.0136624063464081,-8.349520795366,168.45,3.0473,0.22,11277.4,8645.0,0.96615522
130680,TIGER 원유선물Enhanced(H),8020.0,5.526315789473684,27.738540185621,168.42,0.35,0.75,7977.93,43799.0,3.48922419
457690,KODEX 33-06 국고채액티브,10390.0,-0.8587786259541985,0.100726981958,168.318,1.6211,0.17,10379.34,3111.0,0.32340305
483330,ACE 마이크로소프트밸류체인액티브,15300.0,-0.19569471624266144,4.256700526416,168.3,0.4125,0.66,15362.06,10424.0,1.593456
415760,SOL 차이나육성산업액티브(합성),12305.0,-4.943993820007725,-23.838819287163,167.348,0.8043,0.62,12382.24,35668.0,4.46911668
477490,에셋플러스 글로벌일등기업포커스10액티브,18515.0,-0.9893048128342246,-15.339841809283,166.635,0.0,1.12,18653.52,149.0,0.02760715
494420,PLUS 미국배당증가성장주데일리커버드콜,8680.0,0.3468208092485549,-12.824245791766,164.92,14.9512,0.51,8682.94,8978.0,0.7764413
250730,RISE 차이나HSCEI(H),9640.0,-0.15535991714137753,6.258959097642,163.88,3.5739,0.22,9772.48,3203.0,0.30801775
474920,에셋플러스 차이나일등기업포커스10액티브,17400.0,-2.793296089385475,-16.633019259706,163.56,0.0,1.17,17520.27,242.0,0.0424932
0233N0,RISE 글로벌AI낸드메모리반도체,10875.0,-3.8036267138434323,,163.125,0.0,0.0,11067.51,43005.0,4.72864204
451600,PLUS 국고채30년액티브,83340.0,-1.5940488841657812,-3.340183909906,161.6796,1.5303,0.08,83342.88,571.0,0.47193245
419650,PLUS 글로벌수소&차세대연료전지,4895.0,-3.0693069306930694,-29.532596483748,161.535,0.2226,0.81,4796.88,14273.0,0.70751788
131890,ACE 삼성그룹동일가중,39820.0,0.07539582809751194,-5.361891240047,159.28,1.752,0.2,39838.3,141.0,0.0561916
0193L0,PLUS 삼성전자선물단일종목인버스2X,8270.0,9.90033222591362,-48.832614868446,158.784,0.0,0.51,8314.9,2471121.0,196.12372694
219390,RISE 미국S&P원유생산기업(합성 H),7910.0,0.5082592121982211,15.312684157818,158.2,0.0125,0.41,8003.17,29077.0,2.29500002
332620,PLUS 미국장기우량회사채,84310.0,-2.829481933959546,-14.716773870007,157.6597,4.7915,0.4,85421.31,3506.0,2.94209411
432840,HANARO 미국S&P500,19590.0,0.30721966205837176,-8.144558288394,156.72,0.7074,0.32,19658.63,6212.0,1.2139781
484890,SOL 머니마켓액티브,52650.0,0.009497578117580016,0.749550897495,154.791,1.2728,0.09,52645.47,4551.0,2.3960525
0207Z0,KIWOOM 미국우주데이터센터인프라,7120.0,-2.7986348122866893,-22.034041137358,153.08,0.0,0.54,7208.67,8518.0,0.60793655
491510,파워 K-주주가치액티브,17950.0,1.1837655016910935,4.106546394912,152.575,1.4037,0.47,18069.57,54.0,0.00969767
413930,WON AI ESG액티브,27665.0,-2.536550995243967,-17.430012192936,152.1575,0.0,0.38,27816.91,112.0,0.0314903
488290,MIDAS 일본테크액티브,43165.0,1.445358401880141,-32.929075273826,151.0775,0.3714,0.9,43819.22,37382.0,16.49608957
337150,KODEX 200exTOP,25115.0,0.48009601920384076,-9.877687305213,150.69,1.1959,0.33,25104.24,196.0,0.0492804
0222F0,마이티 AI데이터센터밸류체인,13010.0,-0.7249141549027089,,149.615,0.0,0.37,12957.58,658.0,0.0858304
114460,ACE 국고채3년,99710.0,-0.3199040287913626,0.36981373224,149.565,2.6622,0.19,99735.1,468.0,0.46687135
453010,PLUS KOFR금리,110085.0,0.0227148827912048,0.715422881634,147.5139,1.0191,0.06,110095.02,10493.0,11.55129691
387280,TIGER 퓨처모빌리티액티브,11595.0,0.12953367875647667,-11.144918717191,147.2565,0.0429,0.83,11646.37,2829.0,0.33118512
104520,KIWOOM 블루칩,14705.0,2.01179327089837,-3.461923558604,147.05,1.247,0.46,14681.44,638.0,0.09365025
0051A0,KoAct 브로드컴밸류체인액티브,24320.0,-1.5384615384615385,-18.975751064665,145.92,0.0,0.59,24725.41,22212.0,5.41041842
244620,KODEX 모멘텀Plus,20835.0,-0.501432664756447,-12.361478327213,145.845,0.6785,0.34,20810.47,986.0,0.20687117
0193K0,PLUS 삼성전자단일종목레버리지,12665.0,-9.60028551034975,-32.894583166776,145.6475,0.0,0.11,12600.9,12966.0,1.7226615
236350,TIGER 인도니프티50레버리지(합성),23450.0,-4.655417767838991,-31.887501777309,145.39,4.342,0.7,23569.46,1743.0,0.41346622
0084E0,KIWOOM 미국대형주500월간목표헤지액티브,10010.0,-0.29880478087649404,-11.563981521352,145.145,1.634,0.62,10070.06,510.0,0.051077
404650,SOL KRX기후변화솔루션,24000.0,1.867572156196944,-10.863973030492,144.0,0.7239,0.25,23930.37,288.0,0.06853475
234310,RISE V&S셀렉트밸류,28475.0,-0.8530640668523677,-2.957487442945,142.375,0.5202,0.64,28391.03,8.0,0.00228875
438900,HANARO Fn K-푸드,10890.0,1.3966480446927374,6.359675653182,141.57,2.1376,0.52,10934.55,19811.0,2.15698203
453630,KODEX 미국S&P500필수소비재,11790.0,-1.0490977759127151,-10.367527967418,141.48,2.4532,0.36,11890.52,3886.0,0.45880475
496130,TRUSTON 코리아밸류업액티브,25720.0,-0.6182380216383307,-13.973240163789,138.888,1.3223,0.81,25388.7,3.0,0.000773
0090B0,PLUS K방산소부장,7100.0,3.122730573710966,-14.932089845539,138.45,0.9429,0.52,7097.24,49546.0,3.49021249
0088N0,WON K-글로벌수급상위,11075.0,-0.13525698827772767,-7.02018748171,138.4375,0.0,0.75,11055.01,1829.0,0.20306147
485810,TIME 글로벌바이오액티브,11980.0,2.5246041934103554,7.57613216029,137.77,0.2819,1.0,12024.31,34819.0,4.15554964
0153P0,ACE 리츠부동산인프라액티브,9495.0,-0.3672612801678909,4.111999470927,137.6775,4.1428,0.11,9534.43,9710.0,0.92035707
373490,KODEX 코리아혁신성장액티브,24970.0,0.38190954773869346,-15.568173689912,137.335,0.4787,0.56,25006.09,3253.0,0.81721515
487750,BNK 온디바이스AI,33800.0,-1.986370885892417,-13.268138618123,135.2,0.0,0.46,33533.11,516.0,0.17528795
0127V0,KIWOOM 미국S&P500 TOP10&배당다우비중전환,10735.0,-0.5097312326227988,-3.973976867582,134.1875,0.926,0.58,10778.77,3097.0,0.33137082
472720,TRUSTON 주주가치액티브,25700.0,-1.1538461538461537,-9.907667098399,133.64,1.4694,0.82,25608.57,812.0,0.2086089
417450,RISE 글로벌수소경제,15710.0,-0.7266982622432859,-22.203469609938,133.535,1.2926,0.66,15766.87,821.0,0.129308
137610,TIGER 농산물선물Enhanced(H),5805.0,-1.4431239388794568,17.148624979632,133.515,0.8278,0.75,5793.97,9091.0,0.52833735
102960,KODEX 기계장비,13340.0,0.4896421845574388,-14.496364529996,133.4,0.06,0.47,13341.99,11511.0,1.53000615
0013P0,RISE 미국은행TOP10,11950.0,-0.2920317062995411,-14.2821788265,131.45,2.0311,0.33,11938.45,12463.0,1.47619222
0127T0,KIWOOM 미국S&P500&배당다우존스비중전환,10875.0,0.0,-7.639362043918,130.5,1.3092,0.78,10915.47,3652.0,0.39686245
453820,KODEX 인도Nifty50레버리지(합성),9990.0,-4.584527220630372,-28.454731621427,129.87,1.2998,0.47,9980.18,4626.0,0.4636707
0004G0,1Q 미국배당TOP30,8640.0,-0.4608294930875576,-8.328834847881,129.6,3.5679,0.26,8590.45,12414.0,1.06780657
0028X0,KODEX 미국금융테크액티브,11150.0,-0.57958091841284,-2.973927644346,128.225,0.9191,0.54,11199.82,2131.0,0.2367678
300610,TIGER K게임,5450.0,1.6791044776119404,-0.694299785885,128.075,1.0301,0.55,5454.41,8467.0,0.46068177
363510,SOL KIS단기통안채,112290.0,0.0,0.575275804902,128.0106,1.269,0.11,112294.83,121.0,0.1358763
279540,KODEX 최소변동성,21335.0,-0.14041656915516032,-7.816157217653,128.01,1.3157,0.35,21472.86,1479.0,0.3180675
409810,KODEX 미국나스닥100선물인버스(H),5395.0,1.5051740357478833,-1.094069928978,126.7825,0.0,0.4,5339.84,96240.0,5.16098482
140710,KODEX 운송,6670.0,1.1372251705837755,13.301942319011,126.73,1.8041,0.47,6682.08,6996.0,0.46555059
290080,RISE 200고배당커버드콜ATM,7445.0,1.7771701982228298,31.21774906107,126.565,10.9261,0.45,7459.2,8815.0,0.6552703
360150,KODEX 코스닥150롱코스피200숏선물,3085.0,3.3500837520938025,-0.294857485549,126.485,0.0,0.68,3086.11,47843.0,1.4620532
0208N0,IBK 코스피액티브,7640.0,-2.7989821882951653,-16.980184889671,126.06,0.0,0.42,7626.96,13803.0,1.05701195
410870,TIME K컬처액티브,8955.0,0.16778523489932887,-11.463938227652,125.37,0.0,0.88,9014.13,4932.0,0.44481284
0015F0,KIWOOM 팔란티어미국30년국채혼합액티브(H),10445.0,-1.2293144208037825,7.226905844892,125.34,2.2617,0.36,10467.31,4415.0,0.4607039
489860,KIWOOM 글로벌전력GRID인프라,14715.0,-1.2416107382550337,-18.14980992047,125.0775,0.8388,1.02,14760.67,2771.0,0.4081204
166400,TIGER 200커버드콜OTM,24860.0,-1.7391304347826086,6.78849015798,124.3,3.7336,0.4,24773.7,711.0,0.1783177
0220A0,KIWOOM 현대차그룹TOP3채권혼합50,8820.0,0.684931506849315,,123.48,0.2392,0.17,8823.25,20156.0,1.77718485
0104G0,PLUS K방산레버리지,5345.0,0.3755868544600939,-42.203928051305,122.935,0.6586,0.57,5374.42,58138.0,3.09673869
453060,HANARO KOFR금리액티브(합성),111665.0,0.00895615959876405,0.704744397907,122.8315,0.009,0.08,111662.71,1.0,0.00111665
435550,KIWOOM TDF2050액티브 적격,17465.0,-0.6823997725334091,-10.463510559767,122.255,1.0232,0.61,17527.97,5304.0,0.92280652
251590,PLUS 고배당저변동50,17350.0,1.1072261072261071,6.812090118545,121.45,3.5646,0.29,17410.29,1962.0,0.3393732
0194R0,KIWOOM SK하이닉스선물단일종목레버리지,8915.0,-9.215885947046843,-62.743142990505,120.3525,0.3018,0.27,8872.46,47984.0,4.29956275
140580,RISE 우량업종대표주,24045.0,0.5856515373352855,-9.745650371222,120.225,0.625,0.47,24213.34,84.0,0.02027605
404540,TIGER KRX기후변화솔루션,23990.0,1.0956595027391487,-10.55384729379,119.95,0.9948,0.15,24135.66,15394.0,3.6925312
457700,KODEX 53-09 국고채액티브,9060.0,-1.2534059945504088,-3.026223257609,119.592,2.0007,0.17,9063.0,746.0,0.0673021
396510,TIGER 차이나클린에너지SOLACTIVE,6640.0,-2.3529411764705883,-27.939469476064,119.52,1.5934,0.6,6661.8,3737.0,0.24699217
400570,KODEX 유럽탄소배출권선물ICE(H),11800.0,-0.9235936188077246,5.11168662139,119.18,0.0,0.71,11897.74,4200.0,0.4977838
332610,PLUS 미국단기회사채(AAA~A),123460.0,0.17038539553752535,-11.194369949173,118.5216,3.8489,0.4,123726.2,308.0,0.37973795
395760,PLUS ESG성장주액티브,21535.0,-1.7115472387037882,-11.865000709873,118.4425,0.1583,0.14,21479.13,22.0,0.00478225
282000,RISE 국고채3년선물인버스,115720.0,0.44266990712611753,0.745830267481,118.0344,1.2835,0.09,115670.02,7.0,0.0080968
0203D0,PLUS 200위클리커버드콜채권혼합,9005.0,-1.4230979748221126,-6.861003045329,117.065,2.2093,0.43,8996.43,18934.0,1.71360085
266410,KODEX 필수소비재,9580.0,0.31413612565445026,12.258367921116,114.96,1.3741,0.47,9580.46,3883.0,0.3718104
428560,KODEX 미국ETF산업Top10 Indxx,15225.0,0.8278145695364238,-5.16905811893,114.1875,1.3689,0.57,15288.33,2855.0,0.43371912
435040,ACE 글로벌브랜드TOP10,18950.0,0.2910822969039428,-7.160287481364,113.7,0.7499,0.73,18975.82,640.0,0.1209561
453660,KODEX 미국S&P500경기소비재,16165.0,-1.4629686071319719,-13.181343190186,113.155,0.8046,0.35,16316.76,3404.0,0.55002497
269370,TIGER S&P글로벌인프라(합성),16040.0,-1.2315270935960592,-16.371611581835,112.28,3.5154,0.46,16040.34,851.0,0.13624885
269530,PLUS S&P글로벌인프라,18685.0,-0.8490315733616344,-16.11943071897,112.11,3.404,2.42,18711.86,1770.0,0.32925925
0000H0,KODEX 인도Nifty미드캡100,9730.0,-3.280318091451292,-14.561826828632,111.895,0.718,0.78,9744.67,969.0,0.09535765
430500,KIWOOM 물가채KIS,111500.0,-1.3143337611187327,-0.459455823646,111.5,1.1733,0.2,111576.1,76.0,0.0848857
252650,KODEX 200동일가중,18500.0,1.0652827096421742,0.625795692948,111.0,1.3395,0.28,18553.64,945.0,0.17499245
354240,RISE 미국고정배당우선증권,10040.0,-2.3346303501945527,-14.70076043137,110.44,7.0734,0.67,10097.85,4559.0,0.4584909
407820,에셋플러스 코리아플랫폼액티브,6120.0,-0.5686433793663688,-13.181249392843,110.16,0.0811,1.05,6125.7,7025.0,0.4307901
448490,HANARO 32-10 국고채액티브,52165.0,-1.0902540766021995,-0.372509780279,109.5465,0.9454,0.08,52233.48,622.0,0.3249877
446700,RISE 배터리 리사이클링,10505.0,2.9901960784313726,1.473469419812,109.252,0.1563,0.47,10489.45,1584.0,0.16572912
0093B0,RISE 엔비디아고정테크100,12770.0,-0.8155339805825242,-6.370107893844,108.545,0.3253,0.42,12872.88,371.0,0.0475085
0002C0,에셋플러스 인도일등기업포커스20액티브,9975.0,-1.3353115727002967,-5.864741466248,107.73,0.0,1.26,9966.55,240.0,0.0238974
0227L0,HANARO 미국에이전틱AI TOP2+,10620.0,0.425531914893617,,106.2,0.0,0.0,10690.22,64287.0,6.81980622
0191S0,IBK 코스닥150,14310.0,0.3506311360448808,-10.668483322968,105.894,0.0,0.13,14301.61,1189.0,0.1707963
451150,에셋플러스 글로벌영에이지액티브,16990.0,-0.2055800293685756,-11.224880661587,105.338,0.0,1.3,17098.51,3.0,0.00051035
272570,RISE 중장기국공채액티브,107165.0,-0.510606693589565,0.275948569954,105.0217,1.281,0.1,107134.92,3.0,0.00321665
0068M0,KODEX 미국S&P500버퍼6월액티브,11640.0,-0.5977796754910333,-8.472911368852,104.76,0.7248,0.54,11743.02,4621.0,0.5358745
419420,KODEX 미국클린에너지나스닥,8720.0,-2.1873247335950645,-32.585078976423,104.64,0.3593,0.61,8837.61,3800.0,0.33289395
0189Z0,DAISHIN 금융&지주고배당,10445.0,2.101661779081134,7.38934456545,104.45,0.2909,0.26,10535.48,2727.0,0.28173589
280920,PLUS 주도업종,23175.0,-0.7282073249089741,-14.841030642062,104.2875,0.6405,0.3,23150.41,3532.0,0.81857515
0216Z0,ACE K방산TOP5+,8685.0,0.0,,104.22,0.0,0.46,8663.75,30187.0,2.63367259
464610,SOL 의료기기소부장Fn,6715.0,1.2057272042200453,-15.289893819724,104.0825,0.1804,0.51,6697.7,24997.0,1.67850322
0224D0,KIWOOM 미국CPU반도체TOP4+,10920.0,-2.803738317757009,,103.74,0.0,0.51,11203.85,45850.0,5.08748821
0113G0,KoAct 미국바이오헬스케어액티브,11495.0,0.26166593981683384,5.095480680971,103.455,0.0259,0.7,11555.8,5718.0,0.65698697
140570,RISE 수출주,25845.0,0.40792540792540793,-5.29963754365,103.38,0.6197,0.49,26014.99,5371.0,1.40961065
310080,RISE 중국MSCI China(H),8945.0,-2.559912854030501,1.907167979598,102.8675,2.2144,0.76,8992.5,428.0,0.03838615
385710,TIME K이노베이션액티브,10265.0,2.7527527527527527,-20.300073795404,102.65,0.0,0.91,10288.88,2240.0,0.2302832
0219B0,KoAct 광통신&위성네트워크액티브,12055.0,-1.4711892112791174,,102.4675,0.0,0.51,12063.5,142397.0,17.48400881
438740,MIDAS 중소형액티브,34040.0,0.8293838862559242,-8.893968984818,102.12,0.2377,0.67,34006.01,71.0,0.02417505
291130,ACE MSCI멕시코(합성),17010.0,-1.1046511627906976,-13.931589087386,102.06,1.4141,0.57,17162.45,133.0,0.02264958
237440,TIGER 경기방어채권혼합,10135.0,0.29688273132112813,1.765741720282,101.35,0.4141,0.24,10135.0,10053.0,1.01980245
371870,ACE 차이나항셍테크,6310.0,-1.0196078431372548,-13.908696238071,100.96,0.31,0.55,6276.32,1725.0,0.1081664
460270,KIWOOM 미국달러SOFR금리액티브(합성),12435.0,0.6067961165048543,-10.610674476101,100.7235,0.0081,0.18,12455.87,5163.0,0.64130715
463640,KODEX 미국S&P500유틸리티,12525.0,-2.982184353214562,-19.421715334333,100.2,2.7142,0.34,12542.09,2033.0,0.25492157
482030,KoAct 반도체&2차전지핵심소재액티브,9430.0,1.8908698001080497,-9.151737892404,99.015,0.1826,0.57,9402.55,8927.0,0.83998095
281990,RISE 중소형고배당,17835.0,2.030892448512586,4.984348217368,98.0925,2.7466,0.38,17858.83,369.0,0.06544845
463690,KODEX 미국S&P500커뮤니케이션,17695.0,-0.9792949076664801,-6.158309243913,97.3225,0.934,0.36,17844.45,2594.0,0.45950345
0120J0,BNK 카카오그룹포커스,7745.0,1.5072083879423328,2.047461818969,96.8125,0.0,0.46,7766.38,24632.0,1.90406185
0001P0,마이티 바이오시밀러&CDMO액티브,8630.0,0.52417006406523,-6.944433855136,96.656,0.1171,0.87,8601.78,583.0,0.05027755
181480,ACE 미국부동산리츠(합성 H),80040.0,-2.6158900109502374,-2.613189427112,96.048,3.4901,0.43,80140.73,37.0,0.02957402
0094L0,RISE 차이나테크TOP10위클리타겟커버드콜,6860.0,-2.5568181818181817,-15.453144962496,96.04,15.3696,0.68,6877.49,5818.0,0.3998075
230480,KIWOOM 미국달러선물인버스2X,4745.0,-0.9394572025052192,27.348322512772,95.3745,0.0,0.77,4745.07,539.0,0.02568075
487910,ACE 인도컨슈머파워액티브,7935.0,-0.8744534665833854,-13.745371596007,95.22,0.0376,0.68,7940.54,4166.0,0.3299329
139240,TIGER 200 철강소재,10815.0,-0.13850415512465375,7.065873000175,95.172,2.7706,0.44,10828.99,22062.0,2.3778194
429010,TIGER 미국나스닥넥스트100,18975.0,-0.9397024275646045,-11.249725072263,94.875,0.5623,0.68,19115.77,445.0,0.08434615
117690,TIGER 차이나항셍30,18970.0,0.31729243786356426,-6.03846810137,94.85,3.4247,0.7,18969.74,692.0,0.13027985
0242S0,파워 SK그룹,10510.0,-2.2325581395348837,,94.59,0.0,0.0,10528.29,35838.0,3.7882094
461580,TIGER 코스닥글로벌,15560.0,0.25773195876288657,-9.204473303963,93.36,0.1281,0.18,15654.51,19159.0,3.0034505
301400,PLUS 코스닥150,14250.0,0.0,-10.771195812699,92.625,0.1746,0.26,14323.48,6826.0,0.98021295
354350,HANARO 글로벌럭셔리S&P(합성),17720.0,-0.4214667041303737,-19.694051800059,92.144,0.0279,0.58,17766.38,546.0,0.09646165
0227K0,RISE 미국우주위성통신,9200.0,-2.2835900159320235,,92.0,0.0,0.41,9337.49,19480.0,1.79828674
498050,HANARO 바이오코리아액티브,9675.0,0.10346611484738748,-16.982209869371,91.9125,0.0,0.58,9666.45,2184.0,0.21245825
341850,TIGER 리츠부동산인프라채권,4590.0,-0.1088139281828074,3.999566439259,91.8,6.2368,0.26,4581.83,7406.0,0.33761285
0174R0,KIWOOM 미국성장다우존스,11355.0,-0.4384042086804033,-4.406341558503,90.84,0.1051,0.42,11449.32,2189.0,0.24897325
399580,RISE 글로벌클린에너지,9075.0,-2.4193548387096775,-25.974952955061,90.75,2.1077,0.75,9124.93,1478.0,0.1343775
0084D0,KIWOOM 미국테크100월간목표헤지액티브,11330.0,-0.1762114537444934,-12.38953321614,90.64,1.3892,0.65,11385.75,8416.0,0.9493377
456250,KODEX 유럽명품TOP10 STOXX,7865.0,-0.819672131147541,-19.474595302704,90.4475,1.5287,0.53,7853.6,3038.0,0.2385263
466810,BNK 2차전지양극재,6020.0,3.6144578313253013,-1.642072374017,90.3,0.0,0.49,6013.41,28736.0,1.71963742
217780,TIGER 차이나CSI300인버스(합성),5810.0,3.197158081705151,22.686417491737,90.055,3.2872,0.64,5877.66,1414.0,0.0816909
497510,ACE 글로벌빅파마,12835.0,1.1426319936958236,-3.33398649503,89.845,2.2583,0.56,12815.17,624.0,0.07972357
266390,KODEX 경기소비재,14940.0,0.4369747899159664,-4.780718491217,89.64,1.2064,0.47,15024.76,420.0,0.0630647
0194N0,KIWOOM 삼성전자선물단일종목레버리지,11520.0,-10.350194552529183,-33.180195089816,89.28,0.3865,0.28,11451.62,60747.0,7.12965035
494180,TIME 글로벌소비트렌드액티브,12720.0,-1.0501750291715286,-7.416835572536,89.04,0.1627,1.0,12870.67,980.0,0.1246084
395150,KODEX 웹툰&드라마,1852.0,1.5907844212835984,4.707911408617,88.896,0.0,0.52,1855.42,12625.0,0.23421266
0216K0,KIWOOM 미국우주테크TOP2채권혼합50,8845.0,-0.896358543417367,,88.45,0.1119,0.24,8961.25,53563.0,4.74415323
381570,HANARO Fn친환경에너지,10395.0,4.577464788732394,-4.74092477703,88.3575,0.3519,0.55,10353.84,5456.0,0.564307
0221Z0,ACE K바이오코스닥액티브,9180.0,2.2271714922048997,,87.21,0.0,0.51,9163.13,18607.0,1.72645072
270800,RISE KQ고배당,15855.0,1.1805998723675815,2.406008711912,87.2025,2.0654,0.4,15884.03,2869.0,0.45610465
252000,TIGER 200동일가중,19330.0,0.8872651356993737,0.615683619633,86.985,1.821,0.28,19422.64,196.0,0.03794372
215620,HK S&P코리아로우볼,16065.0,0.0,6.167633941136,86.751,3.1767,0.67,16191.59,0.0,0.0
105010,TIGER 라틴35,6190.0,-2.0569620253164556,-8.85067075622,86.66,3.143,0.68,6202.74,2174.0,0.13394717
0184N0,PLUS 은채권혼합,8530.0,-2.902675014228799,-3.643093158357,85.3,0.0,0.19,8692.57,27100.0,2.31542505
375270,RISE 글로벌데이터센터리츠(합성),13040.0,-5.335753176043557,-19.820742457949,84.76,1.6807,0.58,13110.01,685.0,0.0897801
0133E0,TIGER 차이나증권,8070.0,-3.6417910447761193,-18.265393605733,84.735,0.0,0.63,8080.04,7854.0,0.64200585
435540,KIWOOM TDF2040액티브 적격,16945.0,-0.3821281599059377,-11.077474032212,84.725,1.3783,0.59,16992.58,4633.0,0.7815394
497520,ACE 일라이릴리밸류체인,13025.0,1.086534730306558,1.896062309797,84.6625,0.6825,0.8,13040.08,605.0,0.078443
429980,SOL 한국형글로벌전기차&2차전지액티브,16905.0,-0.2066115702479339,-20.209086399064,84.525,0.4362,0.99,17110.59,255.0,0.0431318
0008E0,ACE 미국중심중소형제조업,11260.0,-1.3146362839614374,-28.426405727752,84.45,0.0521,0.62,11386.19,1306.0,0.1467082
0219Z0,HANARO 미국S&P500액티브,10485.0,-0.33269961977186313,,83.88,0.0,0.52,10536.64,63998.0,6.6971814
0067Y0,TIGER 차이나AI소프트웨어,9295.0,-3.47871235721703,-31.810548059095,83.655,0.1203,0.65,9266.8,14951.0,1.39121365
457930,BNK 미래전략기술액티브,27845.0,-0.3756708407871199,-9.675233096849,83.535,0.0,0.59,27700.23,57.0,0.0160115
449680,TIGER 한중전기차(합성),9795.0,-0.10198878123406425,-26.676210665102,83.2575,0.0602,0.4,9806.75,35.0,0.0034291
174350,TIGER 로우볼,20775.0,0.3865668035757429,7.652847855369,83.1,2.96,0.46,20924.51,489.0,0.101254
395750,PLUS ESG가치주액티브,20630.0,-1.5744274809160306,-13.686025486913,82.52,0.1897,0.16,20567.98,5.0,0.0010344
462340,에셋플러스 글로벌다이나믹시니어액티브,16450.0,0.27430661383724475,-2.888130030131,82.25,0.0,1.4,16569.35,93.0,0.0153494
182490,TIGER 단기선진하이일드(합성 H),13695.0,-1.0119262739428985,-0.36932833986,82.17,0.3335,0.29,13659.26,87.0,0.0119085
0226D0,FOCUS 금융반도체지주채권혼합50액티브,10230.0,-1.4450867052023122,,81.84,0.0,0.41,10244.74,1729.0,0.1791326
371150,RISE 차이나항셍테크,6245.0,-1.1084718923198733,-13.908006989261,81.185,1.8672,0.46,6252.95,783.0,0.0489979
395280,HANARO Fn K-게임,3425.0,2.2388059701492535,-4.516908622574,80.4875,0.0,0.54,3413.99,2587.0,0.088326
0214M0,MIDAS 바이오헬스케어액티브,9430.0,1.0718113612004287,,80.155,0.0,0.62,9395.76,2160.0,0.20067985
0226G0,WON 피지컬AI TOP2플러스액티브,12260.0,-1.1290322580645162,,79.69,0.0,0.5,12258.67,2093.0,0.25814465
0215T0,HANARO 미국AI광통신TOP10,8845.0,-3.227571115973742,,79.605,0.0,0.49,9084.73,13752.0,1.2320968
227550,TIGER 200 산업재,12265.0,0.9880609304240429,-3.161176884114,78.496,2.2314,0.44,12239.36,60040.0,7.3457603
480460,WON 한국부동산TOP3플러스,9220.0,-0.21645021645021645,4.209235358047,78.37,6.4492,0.31,9268.55,4702.0,0.43356595
261110,TIGER 미국달러선물레버리지,15610.0,0.8723747980613893,-21.589418850774,78.05,1.6002,0.08,15597.97,1521.0,0.2356012
189400,PLUS 글로벌MSCI(합성 H),25930.0,-0.5370157268891446,1.129389363406,77.79,0.0192,0.48,25839.16,153.0,0.0396741
304670,KODEX 미국30년국채울트라선물인버스(H),12885.0,3.8275584206285256,4.879118902975,77.31,0.9624,0.36,12883.53,1382.0,0.1780395
285690,FOCUS ESG리더스,21740.0,1.0927691234596606,-6.666554156344,76.09,0.0,0.2,21684.38,30.0,0.0065225
0176P0,FOCUS AI반도체위클리고정커버드콜,13800.0,-1.9886363636363635,-9.534498145767,75.9,7.3743,0.33,13741.09,28237.0,3.95268857
494210,SOL 미국500타겟데일리커버드콜액티브,10810.0,-0.3227293683725219,-7.610303254086,75.67,12.3927,0.56,10832.26,9063.0,0.97543315
227570,TIGER 우량가치,20915.0,0.916767189384801,5.868627296829,75.294,1.5719,0.46,21064.24,11423.0,2.3936629
225800,KIWOOM 미국달러선물레버리지,14680.0,1.1367550809507405,-21.742021383534,74.868,1.0981,0.76,14671.9,6194.0,0.9018658
435530,KIWOOM TDF2030액티브 적격,14950.0,-0.927766732935719,-10.742610235754,74.75,1.6562,0.58,15047.78,605.0,0.0904916
0172Y0,ACE K수출핵심TOP10산업액티브,9255.0,0.10816657652785289,-15.807567634143,74.04,0.0,0.55,9240.21,2775.0,0.2572188
0218K0,BNK 스마트카,10555.0,0.9082217973231358,,73.885,0.0,0.47,10538.06,4.0,0.0004225
139660,KIWOOM 미국달러선물인버스,8485.0,-0.6440281030444965,13.345363480351,73.8195,0.0,0.52,8509.04,3088.0,0.2620625
487920,ACE 인도시장대표BIG5그룹액티브,7380.0,-2.638522427440633,-15.996241797413,73.8,0.0399,0.85,7374.64,1940.0,0.14432607
402460,HANARO Fn K-메타버스MZ,14655.0,2.410901467505241,-9.453168486647,73.275,0.4862,0.58,14602.26,223.0,0.03271451
0005C0,RISE 미국S&P500엔화노출(합성 H),11130.0,-0.625,-6.851573316981,72.345,1.7466,0.54,11240.58,2377.0,0.26490145
253280,RISE 헬스케어,12040.0,2.5553662691652472,-8.680320528783,72.24,0.2123,0.13,12025.32,7397.0,0.89969437
437370,RISE 글로벌농업경제,10310.0,-0.8653846153846154,-3.11873671608,72.17,2.7979,0.8,10339.71,4242.0,0.4363615
225050,TIGER 유로스탁스레버리지(합성 H),15935.0,-0.747430706944877,-1.195677068252,71.7075,1.4332,0.65,15937.33,190.0,0.0305941
315270,TIGER 200커뮤니케이션서비스,18825.0,1.7842660178426601,-4.203893170608,71.535,1.666,0.44,18888.12,152.0,0.02859524
488480,RISE 일본섹터TOP4Plus,12990.0,1.0894941634241244,-11.74515440124,71.445,2.3695,0.7,12977.28,2528.0,0.32801905
0138D0,RISE 동학개미,12915.0,-2.5650697849867976,-13.132894152157,71.0325,0.676,0.13,12902.38,845.0,0.1114021
0094X0,1Q 샤오미밸류체인액티브,7875.0,-3.4926470588235294,-11.581814495952,70.875,0.8555,0.79,7875.27,3867.0,0.30637831
244670,KODEX 밸류Plus,11680.0,1.521077792264233,6.065158062567,70.08,2.8869,0.35,11707.95,7030.0,0.81864355
400590,SOL 글로벌탄소배출권선물ICE(합성),13905.0,1.1272727272727272,-10.750082444368,69.525,0.0145,0.82,13955.33,1551.0,0.2152197
0082F0,HANARO 유럽방산,9880.0,-0.6036217303822937,-9.081259506973,69.16,0.1211,0.69,9862.73,1234.0,0.12152315
256450,PLUS 심천차이넥스트(합성),13575.0,-6.604747162022703,-30.987142688596,67.875,0.034,0.57,13616.84,278.0,0.03794125
176950,KODEX 국채선물10년인버스,61460.0,1.2604003624680782,1.616017992668,66.3768,0.9328,0.08,61391.64,566.0,0.3474505
289670,PLUS 국채선물10년,51405.0,-1.182237600922722,-0.387636547367,65.7984,0.9348,0.1,51492.99,2400.0,1.23436445
326230,RISE 내수주플러스,10920.0,1.0643220731142988,-2.475429638559,65.52,0.7378,0.47,10917.73,12.0,0.00131285
139290,TIGER 200 경기소비재,23355.0,1.1915077989601386,-17.424421583405,65.394,1.2113,0.44,23455.24,4837.0,1.131453
450180,KODEX 한중전기차(합성),10050.0,-0.5442850074220683,-26.379618529393,65.325,0.0,0.3,10085.43,14.0,0.00141605
0036Z0,RISE 미국천연가스밸류체인,11870.0,-0.6278777731268314,-10.405907570898,65.285,4.2244,0.73,11870.29,2699.0,0.31992088
456200,PLUS 미국달러SOFR금리액티브(합성),59135.0,0.2883066225727126,-10.944574703989,65.0485,0.0254,0.19,59311.36,9.0,0.0053128
0191B0,MIDAS 코스닥액티브,32340.0,-0.7671064743786438,-4.241443744043,64.68,0.0,0.63,32207.52,819.0,0.26638445
138920,KODEX 콩선물(H),12835.0,-1.4587332053742803,15.693329399175,64.175,0.2061,0.74,12867.54,102.0,0.01323815
250780,TIGER 코스닥150선물인버스,2420.0,0.8333333333333334,1.358075798788,64.13,0.0,0.36,2408.71,128671.0,3.0703325
0047N0,PLUS 차이나AI테크TOP10,9060.0,-2.6329930145083287,-13.042675567962,63.42,0.6866,0.74,8983.48,1104.0,0.09984831
429740,PLUS K리츠,6160.0,-0.48465266558966075,5.469014143459,61.6,6.4743,0.33,6202.25,9340.0,0.57512738
307510,TIGER 의료기기,12310.0,2.711722987067167,-8.892358322303,61.55,1.305,0.56,12283.64,12257.0,1.51146745
469530,RISE 미국달러선물인버스,9545.0,-0.15690376569037656,13.501881263706,61.088,0.0,0.1,9529.43,576.0,0.05503985
368680,KODEX K-뉴딜디지털플러스,7635.0,1.596806387225549,-0.466559760225,61.08,0.7039,0.15,7671.98,60.0,0.00459465
400580,SOL 유럽탄소배출권선물S&P(H),12215.0,0.12295081967213115,5.4000906139,61.075,0.8172,0.83,12243.6,405.0,0.04947335
316300,ACE 싱가포르리츠,12165.0,-1.4979757085020242,-13.958916697881,60.825,6.2789,1.0,12138.88,385.0,0.04665265
483020,KIWOOM 의료AI,9325.0,4.189944134078212,-1.561724161379,60.6125,0.3355,0.61,9308.82,41550.0,3.8661002
0166T0,PLUS 글로벌저작권핵심기업액티브,9100.0,-1.2479652740097666,-7.453713486826,59.15,0.0541,0.54,9189.08,10140.0,0.9242426
451670,RISE 국채30년레버리지(합성),11790.0,-3.2019704433497536,-8.738145802758,58.95,1.6429,0.14,11823.18,241.0,0.028182
314700,HANARO 농업융복합산업,10710.0,1.806083650190114,-2.29095344645,58.905,1.4228,0.64,10738.7,1200.0,0.1282519
433250,UNICORN R&D 액티브,23220.0,-1.6101694915254237,-15.477954205963,58.05,0.0,0.52,23138.33,9.0,0.002101
267450,RISE 미국장기국채선물인버스(H),11605.0,3.1555555555555554,3.829703054443,58.025,1.5491,0.78,11566.76,56.0,0.0065033
0053M0,더제이 중소형포커스액티브,12875.0,-0.4638577502899111,-6.200237535504,57.9375,2.0293,0.82,12865.42,207.0,0.02675595
0114X0,RISE 글로벌게임테크TOP3Plus,8885.0,0.28216704288939054,4.834648629052,57.7525,0.0784,0.73,8964.15,1242.0,0.11035265
401590,HANARO 글로벌탄소배출권선물ICE(합성),11110.0,0.8166969147005445,-11.237851575707,56.661,0.2724,0.81,11104.24,297.0,0.03294185
0229F0,마이티 신약포커스바이오액티브,8050.0,0.5621486570893192,,56.35,0.0,0.0,8041.16,1174.0,0.0953581
291890,KODEX MSCI EM선물(H),12510.0,-0.9108910891089109,-3.625075392039,56.295,0.4879,0.99,12364.87,328.0,0.0409676
407300,HANARO Fn골프테마,10210.0,-0.8737864077669902,-15.331605772218,56.155,1.5118,0.6,10226.44,1.0,0.0001021
432600,RISE 국채선물3년,55065.0,-0.26263358087303024,0.438401683315,55.065,0.1954,0.12,55059.41,7.0,0.00385475
0184V0,UNICORN K바이오액티브,5240.0,0.7692307692307693,-25.911812815201,55.02,0.0,0.55,5215.7,20879.0,1.10688432
0087F0,ACE 차이나AI빅테크TOP2+액티브,11000.0,-3.424056189640035,-19.316562163503,55.0,0.0856,0.99,11132.86,1467.0,0.16276185
470310,UNICORN 생성형AI강소기업액티브,18275.0,1.3588463671658346,4.07727262241,54.825,0.0,0.81,18398.01,731.0,0.13498007
238670,PLUS 스마트베타Quality채권혼합,13540.0,0.07390983000739099,2.333912635362,54.16,1.4884,0.32,13434.98,9453.0,1.27005335
499150,SOL 미국S&P500엔화노출(H),10695.0,-0.9722222222222222,-7.007638228372,53.475,1.0988,0.85,10848.61,576.0,0.06183934
390400,KODEX 미국스마트모빌리티S&P,6670.0,-1.4042867701404287,-23.202242095926,53.36,0.7915,0.28,6731.44,5421.0,0.36104235
220130,SOL 차이나강소기업CSI500(합성 H),6560.0,-4.651162790697675,-9.405752549945,52.48,0.0288,0.75,6562.15,43.0,0.00286935
0174J0,DAISHIN 오피스리츠플러스,8745.0,-0.7941009642654566,4.051163196453,52.47,1.0142,0.28,8808.74,13449.0,1.1809363
0102X0,ACE 유럽방산TOP10,8725.0,-1.13314447592068,-8.740767678109,52.35,0.8234,0.57,8751.65,1148.0,0.0993556
483030,KIWOOM 미국블록버스터바이오테크의약품+,11585.0,0.34647033347769596,-2.345331619215,52.1325,1.4357,0.98,11654.29,4601.0,0.53090472
0015E0,KIWOOM 엔비디아미국30년국채혼합액티브(H),10320.0,-2.0408163265306123,-1.664456068144,51.6,2.2687,0.41,10345.2,902.0,0.09313915
219900,ACE 중국본토CSI300레버리지(합성),3665.0,-6.624203821656051,-37.403698358508,51.31,0.9252,0.6,3655.58,1711.0,0.0630879
476310,RISE 글로벌비만산업TOP2+,9295.0,0.977729494839761,-11.715658805048,51.1225,2.8394,0.63,9365.8,347.0,0.0320581
291630,KIWOOM 코스닥150선물레버리지,3525.0,-0.2828854314002829,-29.747946095403,51.1125,0.0,0.24,3523.57,76776.0,2.76550245
295000,RISE 국채선물10년,50685.0,-1.1891997270689152,-0.505082084904,50.685,0.6751,0.12,50719.24,13.0,0.00659155
0132D0,KoAct 글로벌K컬처밸류체인액티브,9150.0,1.3289036544850499,0.295503633522,50.325,0.0,0.57,9149.66,334.0,0.0301725
413220,SOL 차이나태양광CSI(합성),4115.0,-4.965357967667437,-31.030503399849,49.38,1.3114,0.79,4178.15,15172.0,0.62872766
411860,KIWOOM 독일DAX,16200.0,-0.5219527172244397,-10.2545094497,48.6,2.8559,0.6,16121.97,433.0,0.0701273
0154H0,KoAct 차이나바이오헬스케어액티브,8720.0,-3.5398230088495577,17.615299593011,47.96,0.0,0.79,8824.28,7373.0,0.6486028
0015K0,TIGER 미국소비트렌드액티브,6820.0,-0.872093023255814,-9.997353265586,47.74,0.7243,1.0,6904.67,39.0,0.00267635
227560,TIGER 200 생활소비재,12465.0,0.16070711128967458,4.606643761479,47.367,2.6162,0.44,12517.24,505.0,0.06312645
0073X0,FOCUS 알리바바미국채커버드콜혼합,8560.0,-2.782509937535491,-12.102602693803,47.08,14.5419,0.55,8574.58,2354.0,0.20162795
267440,RISE 미국장기국채선물(H),7760.0,-3.0,-3.755398625907,46.56,2.4875,0.69,7762.83,827.0,0.0641926
490330,KoAct 미국치매&뇌질환치료제액티브,13235.0,-3.6754002911208152,-10.399077561092,46.3225,0.0,0.7,13344.06,7142.0,0.95160777
252420,RISE 200선물인버스2X,76.0,5.555555555555555,-7.42746615087,46.056,0.0,0.17,76.8,4023803.0,3.03676438
266550,PLUS 중형주저변동50,18290.0,0.7713498622589532,0.38284805223,45.725,2.2119,0.32,18299.31,17.0,0.0031019
474390,SOL 국고채30년액티브,39955.0,-1.9869986508033852,-3.528631520737,45.5487,2.2449,0.11,40135.49,1484.0,0.59294685
498610,RISE 인도디지털성장,7565.0,-2.8883183568677793,-8.797935745181,45.39,1.9827,1.28,7564.8,569.0,0.0432716
0128D0,PLUS 차이나항셍테크위클리타겟커버드콜,6445.0,-0.8461538461538461,-13.776170018655,45.115,14.3358,0.64,6422.6,2313.0,0.14872785
0078V0,PLUS 미국로보택시,8865.0,-2.5824175824175826,-14.433340150807,44.325,0.131,0.7,8937.17,338.0,0.0301098
391600,ACE 미국친환경그린테마,9785.0,-3.405725567620928,-23.584476105721,44.0325,0.5318,1.1,9899.65,561.0,0.05510307
205720,ACE 일본TOPIX인버스(합성 H),1441.0,-0.06934812760055478,-1.159567964238,43.23,0.0687,0.73,1447.5,229.0,0.00329889
277650,TIGER 코스피중형주,21145.0,1.0031048483401004,-0.145375639431,42.29,1.0259,0.32,21220.99,105.0,0.02216499
373790,KIWOOM 미국방어배당성장나스닥,14770.0,-0.06765899864682003,-9.96640387453,41.356,2.0323,1.13,14742.61,242.0,0.03573215
0050E0,PLUS 미국AI에이전트,8125.0,-0.6723716381418093,2.38768872163,40.625,1.3622,0.62,8225.75,939.0,0.0764508
226380,ACE Fn성장소비주도주,5710.0,1.3309671694764862,4.688485527733,39.97,1.057,0.63,5751.85,242.0,0.01384525
291680,RISE 차이나H선물인버스(H),7955.0,1.4668367346938775,-6.321089476424,39.775,1.8183,1.23,7979.79,77.0,0.00614735
243890,TIGER 200에너지화학레버리지,8795.0,4.952267303102626,-7.746341741202,39.5775,0.5929,0.73,8776.14,22197.0,1.96014457
0131A0,SOL 차이나소비트렌드,7065.0,-1.3956734124214933,-16.750249372061,38.8575,0.0138,0.7,7081.04,8397.0,0.5926909
334690,RISE 팔라듐선물(H),5525.0,-5.3938356164383565,1.076054547865,38.675,0.6665,0.94,5542.3,8263.0,0.4617987
244660,KODEX 퀄리티Plus,9305.0,1.30647795318454,5.719152579145,37.22,2.3357,0.35,9317.42,10.0,0.0009307
225030,TIGER 미국S&P500선물인버스(H),2255.0,0.6696428571428571,-3.021753849986,37.2075,2.5063,0.69,2248.94,2669.0,0.06016447
427120,RISE AI플랫폼,5280.0,2.4248302618816684,5.007545951647,35.904,2.0311,0.52,5269.59,1343.0,0.0703657
267490,RISE 미국장기국채선물레버리지(합성 H),4620.0,-6.288032454361055,-8.06971091761,32.34,1.9147,0.86,4618.77,9988.0,0.4615302
0079X0,ACE BYD밸류체인액티브,9040.0,-3.160149973219068,-19.549740529823,31.64,0.3599,1.12,9024.95,2583.0,0.23371387
321410,KODEX 멀티에셋하이인컴(H),10425.0,-1.2784090909090908,-0.212686157146,31.275,3.799,0.41,10487.33,14.0,0.0014596
306530,HANARO 코스닥150선물레버리지,7000.0,-0.4975124378109453,-29.954988002885,30.8,0.0,0.7,7013.26,19909.0,1.43249815
476000,UNICORN 포스트IPO액티브,5225.0,2.3506366307541624,-21.759776836759,28.7375,0.0,0.72,5261.71,12433.0,0.648121
280940,KODEX 골드선물인버스(H),3590.0,3.4582132564841497,-4.203959108578,28.72,0.0,0.52,3607.76,19110.0,0.67118902
491630,RISE 미국반도체인버스(합성 H),4925.0,1.337448559670782,8.20893022457,28.31875,10.236,0.96,4846.68,4596.0,0.22503855
145670,ACE 인버스,1269.0,3.0869212022745733,4.276616645814,27.918,0.0,0.24,1273.95,102035.0,1.28619807
252410,RISE 200선물인버스,1293.0,3.110047846889952,4.217037763808,27.153,0.0,0.12,1297.53,84675.0,1.08730449
253230,KIWOOM 200선물인버스2X,73.0,7.352941176470588,-7.669497236824,24.163,0.0,0.69,73.32,3371813.0,2.41073096
275750,RISE 코스닥150선물인버스,2430.0,0.20618556701030927,0.943380509301,23.085,0.0,0.46,2432.91,14234.0,0.3427673
334700,RISE 팔라듐선물인버스(H),3515.0,5.397301349325337,-6.038946214556,22.8475,1.7698,1.5,3514.28,790.0,0.0273679
280320,ACE 미국IT인터넷(합성 H),21720.0,-0.09199632014719411,12.263996135683,21.72,1.316,0.61,21820.87,7.0,0.0015201
291620,KIWOOM 코스닥150선물인버스,4260.0,-0.3508771929824561,0.582684132208,20.022,0.0,0.39,4267.99,15235.0,0.63958635
253240,KIWOOM 200선물인버스,1288.0,3.04,3.664999503163,15.7136,0.0,0.62,1294.79,33589.0,0.42976386
306520,HANARO 200선물인버스,2340.0,2.857142857142857,4.699877350213,14.04,0.0,0.61,2352.29,9358.0,0.2171437
253160,PLUS 200선물인버스2X,148.0,5.714285714285714,-10.712213986465,13.616,0.0,0.28,148.32,669136.0,0.97103647
261920,ACE MSCI필리핀(합성),11470.0,-0.3907946157186279,-16.150786348358,11.47,1.5614,0.68,11569.35,267.0,0.0308029
412560,TIGER BBIG레버리지,1585.0,4.482531311799605,-14.455812263666,10.3025,0.5977,0.65,1588.34,22432.0,0.35129872
465620,ACE 미국빅테크TOP7 Plus인버스(합성),6480.0,1.408450704225352,-0.850361582467,6.48,2.952,0.78,6397.93,273.0,0.0175974
